Filetype: Flipper SubGhz RAW File
Version: 1
Frequency: 462650000
Preset: FuriHalSubGhzPreset2FSKDev238Async
Protocol: RAW
RAW_Data: 357 -357 357 -357 357 -357 357 -357 357 -357 357 -357 357 -357 357 -357 357 -357 357 -357 357 -357 357 -357 357 -357 357 -357 357 -357 357 -357 357 -357 357 -357 357 -357 357 -357 357 -357 357 -357 357 -357 357 -357 357 -357 357 -357 357 -357 357 -357 357 -357 357 -357 357 -357 357 -357 357 -357 357 -357 357 -357 357 -357 357 -357 357 -357 357 -357 357 -357 357 -357 357 -357 357 -357 357 -357 357 -357 357 -357 357 -357 357 -357 357 -357 357 -357 357 -357 357 -357 357 -357 357 -357 357 -357 357 -357 357 -357 357 -357 357 -357 357 -357 357 -357 357 -357 357 -357 357 -357 357 -357 357 -357 357 -357 357 -357 357 -357 357 -357 357 -357 357 -357 357 -357 357 -357 357 -357 357 -357 357 -357 357 -357 357 -357 357 -357 357 -357 357 -357 357 -357 357 -357 357 -357 357 -357 357 -357 357 -357 357 -357 357 -357 357 -357 357 -357 357 -357 357 -357 357 -357 357 -357 357 -357 357 -357 357 -357 357 -357 357 -357 357 -357 357 -357 357 -357 357 -357 357 -357 357 -357 357 -357 357 -357 357 -357 357 -357 357 -357 357 -357 357 -357 357 -357 357 -357 357 -357 357 -357 357 -357 357 -357 357 -357 357 -357 357 -357 357 -357 357 -357 357 -357 357 -357 357 -357 357 -357 357 -357 357 -357 357 -357 357 -357 357 -357 357 -357 357 -357 357 -357 357 -357 357 -357 357 -357 357 -357 357 -357 357 -357 357 -357 357 -357 357 -357 357 -357 357 -357 357 -357 357 -357 357 -357 357 -357 357 -357 357 -357 357 -357 357 -357 357 -357 357 -357 357 -357 357 -357 357 -357 357 -357 357 -357 357 -357 357 -357 357 -357 357 -357 357 -357 357 -357 357 -357 357 -357 357 -357 357 -357 357 -357 357 -357 357 -357 357 -357 357 -357 357 -357 357 -357 357 -357 357 -357 357 -357 357 -357 357 -357 357 -357 357 -357 357 -357 357 -357
RAW_Data: 7527 -7527
RAW_Data: 357 -357 357 -357 357 -357 357 -357 357 -357 357 -357 357 -357 357 -357 357 -357 357 -357 357 -357 357 -357 357 -357 357 -357 357 -357 357 -357 357 -357 357 -357 357 -357 357 -357 357 -357 357 -357 357 -357 357 -357 357 -357 357 -357 357 -357 357 -357 357 -357 357 -357 357 -357 357 -357 357 -357 357 -357 357 -357 357 -357 357 -357 357 -357 357 -357 357 -357 357 -357 357 -357 357 -357 357 -357 357 -357 357 -357 357 -357 357 -357 357 -357 357 -357 357 -357 357 -357 357 -357 357 -357 357 -357 357 -357 357 -357 357 -357 357 -357 357 -357 357 -357 357 -357 357 -357 357 -357 357 -357 357 -357 357 -357 357 -357 357 -357 357 -357 357 -357 357 -357 357 -357 357 -357 357 -357 357 -357 357 -357 357 -357 357 -357 357 -357 357 -357 357 -357 357 -357 357 -357 357 -357 357 -357 357 -357 357 -357 357 -357 357 -357 357 -357 357 -357 357 -357 357 -357 357 -357 357 -357 357 -357 357 -357 357 -357 357 -357 357 -357 357 -357 357 -357 357 -357 357 -357 357 -357 357 -357 357 -357 357 -357 357 -357 357 -357 357 -357 357 -357 357 -357 357 -357 357 -357 357 -357 357 -357 357 -357 357 -357 357 -357 357 -357 357 -357 357 -357 357 -357 357 -357 357 -357 357 -357 357 -357 357 -357 357 -357 357 -357 357 -357 357 -357 357 -357 357 -357 357 -357 357 -357 357 -357 357 -357 357 -357 357 -357 357 -357 357 -357 357 -357 357 -357 357 -357 357 -357 357 -357 357 -357 357 -357 357 -357 357 -357 357 -357 357 -357 357 -357 357 -357 357 -357 357 -357 357 -357 357 -357 357 -357 357 -357 357 -357 357 -357 357 -357 357 -357 357 -357 357 -357 357 -357 357 -357 357 -357 357 -357 357 -357 357 -357 357 -357 357 -357 357 -357 357 -357 357 -357 357 -357 357 -357 357 -357 357 -357 357 -357 357 -357 357 -357 357 -357 357 -357
RAW_Data: 7527 -7527
RAW_Data: 379 -379 379 -379 379 -379 379 -379 379 -379 379 -379 379 -379 379 -379 379 -379 379 -379 379 -379 379 -379 379 -379 379 -379 379 -379 379 -379 379 -379 379 -379 379 -379 379 -379 379 -379 379 -379 379 -379 379 -379 379 -379 379 -379 379 -379 379 -379 379 -379 379 -379 379 -379 379 -379 379 -379 379 -379 379 -379 379 -379 379 -379 379 -379 379 -379 379 -379 379 -379 379 -379 379 -379 379 -379 379 -379 379 -379 379 -379 379 -379 379 -379 379 -379 379 -379 379 -379 379 -379 379 -379 379 -379 379 -379 379 -379 379 -379 379 -379 379 -379 379 -379 379 -379 379 -379 379 -379 379 -379 379 -379 379 -379 379 -379 379 -379 379 -379 379 -379 379 -379 379 -379 379 -379 379 -379 379 -379 379 -379 379 -379 379 -379 379 -379 379 -379 379 -379 379 -379 379 -379 379 -379 379 -379 379 -379 379 -379 379 -379 379 -379 379 -379 379 -379 379 -379 379 -379 379 -379 379 -379 379 -379 379 -379 379 -379 379 -379 379 -379 379 -379 379 -379 379 -379 379 -379 379 -379 379 -379 379 -379 379 -379 379 -379 379 -379 379 -379 379 -379 379 -379 379 -379 379 -379 379 -379 379 -379 379 -379 379 -379 379 -379 379 -379 379 -379 379 -379 379 -379 379 -379 379 -379 379 -379 379 -379 379 -379 379 -379 379 -379 379 -379 379 -379 379 -379 379 -379 379 -379 379 -379 379 -379 379 -379 379 -379 379 -379 379 -379 379 -379 379 -379 379 -379 379 -379 379 -379 379 -379 379 -379 379 -379 379 -379 379 -379 379 -379 379 -379 379 -379 379 -379 379 -379 379 -379 379 -379 379 -379 379 -379 379 -379 379 -379 379 -379 379 -379 379 -379 379 -379 379 -379 379 -379 379 -379 379 -379 379 -379 379 -379 379 -379 379 -379 379 -379 379 -379
RAW_Data: 7538 -7538
RAW_Data: 379 -379 379 -379 379 -379 379 -379 379 -379 379 -379 379 -379 379 -379 379 -379 379 -379 379 -379 379 -379 379 -379 379 -379 379 -379 379 -379 379 -379 379 -379 379 -379 379 -379 379 -379 379 -379 379 -379 379 -379 379 -379 379 -379 379 -379 379 -379 379 -379 379 -379 379 -379 379 -379 379 -379 379 -379 379 -379 379 -379 379 -379 379 -379 379 -379 379 -379 379 -379 379 -379 379 -379 379 -379 379 -379 379 -379 379 -379 379 -379 379 -379 379 -379 379 -379 379 -379 379 -379 379 -379 379 -379 379 -379 379 -379 379 -379 379 -379 379 -379 379 -379 379 -379 379 -379 379 -379 379 -379 379 -379 379 -379 379 -379 379 -379 379 -379 379 -379 379 -379 379 -379 379 -379 379 -379 379 -379 379 -379 379 -379 379 -379 379 -379 379 -379 379 -379 379 -379 379 -379 379 -379 379 -379 379 -379 379 -379 379 -379 379 -379 379 -379 379 -379 379 -379 379 -379 379 -379 379 -379 379 -379 379 -379 379 -379 379 -379 379 -379 379 -379 379 -379 379 -379 379 -379 379 -379 379 -379 379 -379 379 -379 379 -379 379 -379 379 -379 379 -379 379 -379 379 -379 379 -379 379 -379 379 -379 379 -379 379 -379 379 -379 379 -379 379 -379 379 -379 379 -379 379 -379 379 -379 379 -379 379 -379 379 -379 379 -379 379 -379 379 -379 379 -379 379 -379 379 -379 379 -379 379 -379 379 -379 379 -379 379 -379 379 -379 379 -379 379 -379 379 -379 379 -379 379 -379 379 -379 379 -379 379 -379 379 -379 379 -379 379 -379 379 -379 379 -379 379 -379 379 -379 379 -379 379 -379 379 -379 379 -379 379 -379 379 -379 379 -379 379 -379 379 -379 379 -379 379 -379 379 -379 379 -379 379 -379 379 -379 379 -379 379 -379 379 -379 379 -379 379 -379 379 -379
RAW_Data: 7538 -7538
RAW_Data: 401 -401 401 -401 401 -401 401 -401 401 -401 401 -401 401 -401 401 -401 401 -401 401 -401 401 -401 401 -401 401 -401 401 -401 401 -401 401 -401 401 -401 401 -401 401 -401 401 -401 401 -401 401 -401 401 -401 401 -401 401 -401 401 -401 401 -401 401 -401 401 -401 401 -401 401 -401 401 -401 401 -401 401 -401 401 -401 401 -401 401 -401 401 -401 401 -401 401 -401 401 -401 401 -401 401 -401 401 -401 401 -401 401 -401 401 -401 401 -401 401 -401 401 -401 401 -401 401 -401 401 -401 401 -401 401 -401 401 -401 401 -401 401 -401 401 -401 401 -401 401 -401 401 -401 401 -401 401 -401 401 -401 401 -401 401 -401 401 -401 401 -401 401 -401 401 -401 401 -401 401 -401 401 -401 401 -401 401 -401 401 -401 401 -401 401 -401 401 -401 401 -401 401 -401 401 -401 401 -401 401 -401 401 -401 401 -401 401 -401 401 -401 401 -401 401 -401 401 -401 401 -401 401 -401 401 -401 401 -401 401 -401 401 -401 401 -401 401 -401 401 -401 401 -401 401 -401 401 -401 401 -401 401 -401 401 -401 401 -401 401 -401 401 -401 401 -401 401 -401 401 -401 401 -401 401 -401 401 -401 401 -401 401 -401 401 -401 401 -401 401 -401 401 -401 401 -401 401 -401 401 -401 401 -401 401 -401 401 -401 401 -401 401 -401 401 -401 401 -401 401 -401 401 -401 401 -401 401 -401 401 -401 401 -401 401 -401 401 -401 401 -401 401 -401 401 -401 401 -401 401 -401 401 -401 401 -401 401 -401 401 -401 401 -401 401 -401 401 -401 401 -401 401 -401 401 -401 401 -401 401 -401 401 -401 401 -401 401 -401 401 -401 401 -401 401 -401 401 -401 401 -401 401 -401 401 -401 401 -401
RAW_Data: 7632 -7632
RAW_Data: 401 -401 401 -401 401 -401 401 -401 401 -401 401 -401 401 -401 401 -401 401 -401 401 -401 401 -401 401 -401 401 -401 401 -401 401 -401 401 -401 401 -401 401 -401 401 -401 401 -401 401 -401 401 -401 401 -401 401 -401 401 -401 401 -401 401 -401 401 -401 401 -401 401 -401 401 -401 401 -401 401 -401 401 -401 401 -401 401 -401 401 -401 401 -401 401 -401 401 -401 401 -401 401 -401 401 -401 401 -401 401 -401 401 -401 401 -401 401 -401 401 -401 401 -401 401 -401 401 -401 401 -401 401 -401 401 -401 401 -401 401 -401 401 -401 401 -401 401 -401 401 -401 401 -401 401 -401 401 -401 401 -401 401 -401 401 -401 401 -401 401 -401 401 -401 401 -401 401 -401 401 -401 401 -401 401 -401 401 -401 401 -401 401 -401 401 -401 401 -401 401 -401 401 -401 401 -401 401 -401 401 -401 401 -401 401 -401 401 -401 401 -401 401 -401 401 -401 401 -401 401 -401 401 -401 401 -401 401 -401 401 -401 401 -401 401 -401 401 -401 401 -401 401 -401 401 -401 401 -401 401 -401 401 -401 401 -401 401 -401 401 -401 401 -401 401 -401 401 -401 401 -401 401 -401 401 -401 401 -401 401 -401 401 -401 401 -401 401 -401 401 -401 401 -401 401 -401 401 -401 401 -401 401 -401 401 -401 401 -401 401 -401 401 -401 401 -401 401 -401 401 -401 401 -401 401 -401 401 -401 401 -401 401 -401 401 -401 401 -401 401 -401 401 -401 401 -401 401 -401 401 -401 401 -401 401 -401 401 -401 401 -401 401 -401 401 -401 401 -401 401 -401 401 -401 401 -401 401 -401 401 -401 401 -401 401 -401 401 -401 401 -401 401 -401 401 -401 401 -401 401 -401 401 -401 401 -401 401 -401
RAW_Data: 7632 -7632
RAW_Data: 379 -379 379 -379 379 -379 379 -379 379 -379 379 -379 379 -379 379 -379 379 -379 379 -379 379 -379 379 -379 379 -379 379 -379 379 -379 379 -379 379 -379 379 -379 379 -379 379 -379 379 -379 379 -379 379 -379 379 -379 379 -379 379 -379 379 -379 379 -379 379 -379 379 -379 379 -379 379 -379 379 -379 379 -379 379 -379 379 -379 379 -379 379 -379 379 -379 379 -379 379 -379 379 -379 379 -379 379 -379 379 -379 379 -379 379 -379 379 -379 379 -379 379 -379 379 -379 379 -379 379 -379 379 -379 379 -379 379 -379 379 -379 379 -379 379 -379 379 -379 379 -379 379 -379 379 -379 379 -379 379 -379 379 -379 379 -379 379 -379 379 -379 379 -379 379 -379 379 -379 379 -379 379 -379 379 -379 379 -379 379 -379 379 -379 379 -379 379 -379 379 -379 379 -379 379 -379 379 -379 379 -379 379 -379 379 -379 379 -379 379 -379 379 -379 379 -379 379 -379 379 -379 379 -379 379 -379 379 -379 379 -379 379 -379 379 -379 379 -379 379 -379 379 -379 379 -379 379 -379 379 -379 379 -379 379 -379 379 -379 379 -379 379 -379 379 -379 379 -379 379 -379 379 -379 379 -379 379 -379 379 -379 379 -379 379 -379 379 -379 379 -379 379 -379 379 -379 379 -379 379 -379 379 -379 379 -379 379 -379 379 -379 379 -379 379 -379 379 -379 379 -379 379 -379 379 -379 379 -379 379 -379 379 -379 379 -379 379 -379 379 -379 379 -379 379 -379 379 -379 379 -379 379 -379 379 -379 379 -379 379 -379 379 -379 379 -379 379 -379 379 -379 379 -379 379 -379 379 -379 379 -379 379 -379 379 -379 379 -379 379 -379 379 -379 379 -379 379 -379 379 -379 379 -379 379 -379 379 -379 379 -379 379 -379 379 -379 379 -379 379 -379 379 -379 379 -379 379 -379 379 -379 379 -379
RAW_Data: 7538 -7538
RAW_Data: 379 -379 379 -379 379 -379 379 -379 379 -379 379 -379 379 -379 379 -379 379 -379 379 -379 379 -379 379 -379 379 -379 379 -379 379 -379 379 -379 379 -379 379 -379 379 -379 379 -379 379 -379 379 -379 379 -379 379 -379 379 -379 379 -379 379 -379 379 -379 379 -379 379 -379 379 -379 379 -379 379 -379 379 -379 379 -379 379 -379 379 -379 379 -379 379 -379 379 -379 379 -379 379 -379 379 -379 379 -379 379 -379 379 -379 379 -379 379 -379 379 -379 379 -379 379 -379 379 -379 379 -379 379 -379 379 -379 379 -379 379 -379 379 -379 379 -379 379 -379 379 -379 379 -379 379 -379 379 -379 379 -379 379 -379 379 -379 379 -379 379 -379 379 -379 379 -379 379 -379 379 -379 379 -379 379 -379 379 -379 379 -379 379 -379 379 -379 379 -379 379 -379 379 -379 379 -379 379 -379 379 -379 379 -379 379 -379 379 -379 379 -379 379 -379 379 -379 379 -379 379 -379 379 -379 379 -379 379 -379 379 -379 379 -379 379 -379 379 -379 379 -379 379 -379 379 -379 379 -379 379 -379 379 -379 379 -379 379 -379 379 -379 379 -379 379 -379 379 -379 379 -379 379 -379 379 -379 379 -379 379 -379 379 -379 379 -379 379 -379 379 -379 379 -379 379 -379 379 -379 379 -379 379 -379 379 -379 379 -379 379 -379 379 -379 379 -379 379 -379 379 -379 379 -379 379 -379 379 -379 379 -379 379 -379 379 -379 379 -379 379 -379 379 -379 379 -379 379 -379 379 -379 379 -379 379 -379 379 -379 379 -379 379 -379 379 -379 379 -379 379 -379 379 -379 379 -379 379 -379 379 -379 379 -379 379 -379 379 -379 379 -379 379 -379 379 -379 379 -379 379 -379 379 -379 379 -379 379 -379 379 -379 379 -379 379 -379 379 -379 379 -379 379 -379 379 -379 379 -379 379 -379 379 -379
RAW_Data: 7538 -7538
RAW_Data: 357 -357 357 -357 357 -357 357 -357 357 -357 357 -357 357 -357 357 -357 357 -357 357 -357 357 -357 357 -357 357 -357 357 -357 357 -357 357 -357 357 -357 357 -357 357 -357 357 -357 357 -357 357 -357 357 -357 357 -357 357 -357 357 -357 357 -357 357 -357 357 -357 357 -357 357 -357 357 -357 357 -357 357 -357 357 -357 357 -357 357 -357 357 -357 357 -357 357 -357 357 -357 357 -357 357 -357 357 -357 357 -357 357 -357 357 -357 357 -357 357 -357 357 -357 357 -357 357 -357 357 -357 357 -357 357 -357 357 -357 357 -357 357 -357 357 -357 357 -357 357 -357 357 -357 357 -357 357 -357 357 -357 357 -357 357 -357 357 -357 357 -357 357 -357 357 -357 357 -357 357 -357 357 -357 357 -357 357 -357 357 -357 357 -357 357 -357 357 -357 357 -357 357 -357 357 -357 357 -357 357 -357 357 -357 357 -357 357 -357 357 -357 357 -357 357 -357 357 -357 357 -357 357 -357 357 -357 357 -357 357 -357 357 -357 357 -357 357 -357 357 -357 357 -357 357 -357 357 -357 357 -357 357 -357 357 -357 357 -357 357 -357 357 -357 357 -357 357 -357 357 -357 357 -357 357 -357 357 -357 357 -357 357 -357 357 -357 357 -357 357 -357 357 -357 357 -357 357 -357 357 -357 357 -357 357 -357 357 -357 357 -357 357 -357 357 -357 357 -357 357 -357 357 -357 357 -357 357 -357 357 -357 357 -357 357 -357 357 -357 357 -357 357 -357 357 -357 357 -357 357 -357 357 -357 357 -357 357 -357 357 -357 357 -357 357 -357 357 -357 357 -357 357 -357 357 -357 357 -357 357 -357 357 -357 357 -357 357 -357 357 -357 357 -357 357 -357 357 -357 357 -357 357 -357 357 -357 357 -357 357 -357 357 -357 357 -357 357 -357 357 -357 357 -357 357 -357 357 -357 357 -357 357 -357 357 -357 357 -357 357 -357 357 -357 357 -357 357 -357 357 -357 357 -357 357 -357 357 -357 357 -357
RAW_Data: 7527 -7527
RAW_Data: 357 -357 357 -357 357 -357 357 -357 357 -357 357 -357 357 -357 357 -357 357 -357 357 -357 357 -357 357 -357 357 -357 357 -357 357 -357 357 -357 357 -357 357 -357 357 -357 357 -357 357 -357 357 -357 357 -357 357 -357 357 -357 357 -357 357 -357 357 -357 357 -357 357 -357 357 -357 357 -357 357 -357 357 -357 357 -357 357 -357 357 -357 357 -357 357 -357 357 -357 357 -357 357 -357 357 -357 357 -357 357 -357 357 -357 357 -357 357 -357 357 -357 357 -357 357 -357 357 -357 357 -357 357 -357 357 -357 357 -357 357 -357 357 -357 357 -357 357 -357 357 -357 357 -357 357 -357 357 -357 357 -357 357 -357 357 -357 357 -357 357 -357 357 -357 357 -357 357 -357 357 -357 357 -357 357 -357 357 -357 357 -357 357 -357 357 -357 357 -357 357 -357 357 -357 357 -357 357 -357 357 -357 357 -357 357 -357 357 -357 357 -357 357 -357 357 -357 357 -357 357 -357 357 -357 357 -357 357 -357 357 -357 357 -357 357 -357 357 -357 357 -357 357 -357 357 -357 357 -357 357 -357 357 -357 357 -357 357 -357 357 -357 357 -357 357 -357 357 -357 357 -357 357 -357 357 -357 357 -357 357 -357 357 -357 357 -357 357 -357 357 -357 357 -357 357 -357 357 -357 357 -357 357 -357 357 -357 357 -357 357 -357 357 -357 357 -357 357 -357 357 -357 357 -357 357 -357 357 -357 357 -357 357 -357 357 -357 357 -357 357 -357 357 -357 357 -357 357 -357 357 -357 357 -357 357 -357 357 -357 357 -357 357 -357 357 -357 357 -357 357 -357 357 -357 357 -357 357 -357 357 -357 357 -357 357 -357 357 -357 357 -357 357 -357 357 -357 357 -357 357 -357 357 -357 357 -357 357 -357 357 -357 357 -357 357 -357 357 -357 357 -357 357 -357 357 -357 357 -357 357 -357 357 -357 357 -357 357 -357 357 -357 357 -357 357 -357 357 -357 357 -357 357 -357 357 -357 357 -357 357 -357
RAW_Data: 7527 -7527
RAW_Data: 379 -379 379 -379 379 -379 379 -379 379 -379 379 -379 379 -379 379 -379 379 -379 379 -379 379 -379 379 -379 379 -379 379 -379 379 -379 379 -379 379 -379 379 -379 379 -379 379 -379 379 -379 379 -379 379 -379 379 -379 379 -379 379 -379 379 -379 379 -379 379 -379 379 -379 379 -379 379 -379 379 -379 379 -379 379 -379 379 -379 379 -379 379 -379 379 -379 379 -379 379 -379 379 -379 379 -379 379 -379 379 -379 379 -379 379 -379 379 -379 379 -379 379 -379 379 -379 379 -379 379 -379 379 -379 379 -379 379 -379 379 -379 379 -379 379 -379 379 -379 379 -379 379 -379 379 -379 379 -379 379 -379 379 -379 379 -379 379 -379 379 -379 379 -379 379 -379 379 -379 379 -379 379 -379 379 -379 379 -379 379 -379 379 -379 379 -379 379 -379 379 -379 379 -379 379 -379 379 -379 379 -379 379 -379 379 -379 379 -379 379 -379 379 -379 379 -379 379 -379 379 -379 379 -379 379 -379 379 -379 379 -379 379 -379 379 -379 379 -379 379 -379 379 -379 379 -379 379 -379 379 -379 379 -379 379 -379 379 -379 379 -379 379 -379 379 -379 379 -379 379 -379 379 -379 379 -379 379 -379 379 -379 379 -379 379 -379 379 -379 379 -379 379 -379 379 -379 379 -379 379 -379 379 -379 379 -379 379 -379 379 -379 379 -379 379 -379 379 -379 379 -379 379 -379 379 -379 379 -379 379 -379 379 -379 379 -379 379 -379 379 -379 379 -379 379 -379 379 -379 379 -379 379 -379 379 -379 379 -379 379 -379 379 -379 379 -379 379 -379 379 -379 379 -379 379 -379 379 -379 379 -379 379 -379 379 -379 379 -379 379 -379 379 -379 379 -379 379 -379 379 -379 379 -379 379 -379 379 -379 379 -379 379 -379 379 -379 379 -379 379 -379 379 -379 379 -379 379 -379 379 -379 379 -379
RAW_Data: 7538 -7538
RAW_Data: 379 -379 379 -379 379 -379 379 -379 379 -379 379 -379 379 -379 379 -379 379 -379 379 -379 379 -379 379 -379 379 -379 379 -379 379 -379 379 -379 379 -379 379 -379 379 -379 379 -379 379 -379 379 -379 379 -379 379 -379 379 -379 379 -379 379 -379 379 -379 379 -379 379 -379 379 -379 379 -379 379 -379 379 -379 379 -379 379 -379 379 -379 379 -379 379 -379 379 -379 379 -379 379 -379 379 -379 379 -379 379 -379 379 -379 379 -379 379 -379 379 -379 379 -379 379 -379 379 -379 379 -379 379 -379 379 -379 379 -379 379 -379 379 -379 379 -379 379 -379 379 -379 379 -379 379 -379 379 -379 379 -379 379 -379 379 -379 379 -379 379 -379 379 -379 379 -379 379 -379 379 -379 379 -379 379 -379 379 -379 379 -379 379 -379 379 -379 379 -379 379 -379 379 -379 379 -379 379 -379 379 -379 379 -379 379 -379 379 -379 379 -379 379 -379 379 -379 379 -379 379 -379 379 -379 379 -379 379 -379 379 -379 379 -379 379 -379 379 -379 379 -379 379 -379 379 -379 379 -379 379 -379 379 -379 379 -379 379 -379 379 -379 379 -379 379 -379 379 -379 379 -379 379 -379 379 -379 379 -379 379 -379 379 -379 379 -379 379 -379 379 -379 379 -379 379 -379 379 -379 379 -379 379 -379 379 -379 379 -379 379 -379 379 -379 379 -379 379 -379 379 -379 379 -379 379 -379 379 -379 379 -379 379 -379 379 -379 379 -379 379 -379 379 -379 379 -379 379 -379 379 -379 379 -379 379 -379 379 -379 379 -379 379 -379 379 -379 379 -379 379 -379 379 -379 379 -379 379 -379 379 -379 379 -379 379 -379 379 -379 379 -379 379 -379 379 -379 379 -379 379 -379 379 -379 379 -379 379 -379 379 -379 379 -379 379 -379 379 -379 379 -379 379 -379 379 -379 379 -379 379 -379 379 -379
RAW_Data: 7538 -7538
RAW_Data: 401 -401 401 -401 401 -401 401 -401 401 -401 401 -401 401 -401 401 -401 401 -401 401 -401 401 -401 401 -401 401 -401 401 -401 401 -401 401 -401 401 -401 401 -401 401 -401 401 -401 401 -401 401 -401 401 -401 401 -401 401 -401 401 -401 401 -401 401 -401 401 -401 401 -401 401 -401 401 -401 401 -401 401 -401 401 -401 401 -401 401 -401 401 -401 401 -401 401 -401 401 -401 401 -401 401 -401 401 -401 401 -401 401 -401 401 -401 401 -401 401 -401 401 -401 401 -401 401 -401 401 -401 401 -401 401 -401 401 -401 401 -401 401 -401 401 -401 401 -401 401 -401 401 -401 401 -401 401 -401 401 -401 401 -401 401 -401 401 -401 401 -401 401 -401 401 -401 401 -401 401 -401 401 -401 401 -401 401 -401 401 -401 401 -401 401 -401 401 -401 401 -401 401 -401 401 -401 401 -401 401 -401 401 -401 401 -401 401 -401 401 -401 401 -401 401 -401 401 -401 401 -401 401 -401 401 -401 401 -401 401 -401 401 -401 401 -401 401 -401 401 -401 401 -401 401 -401 401 -401 401 -401 401 -401 401 -401 401 -401 401 -401 401 -401 401 -401 401 -401 401 -401 401 -401 401 -401 401 -401 401 -401 401 -401 401 -401 401 -401 401 -401 401 -401 401 -401 401 -401 401 -401 401 -401 401 -401 401 -401 401 -401 401 -401 401 -401 401 -401 401 -401 401 -401 401 -401 401 -401 401 -401 401 -401 401 -401 401 -401 401 -401 401 -401 401 -401 401 -401 401 -401 401 -401 401 -401 401 -401 401 -401 401 -401 401 -401 401 -401 401 -401 401 -401 401 -401 401 -401 401 -401 401 -401 401 -401 401 -401 401 -401 401 -401 401 -401 401 -401 401 -401 401 -401 401 -401 401 -401
RAW_Data: 7632 -7632
RAW_Data: 401 -401 401 -401 401 -401 401 -401 401 -401 401 -401 401 -401 401 -401 401 -401 401 -401 401 -401 401 -401 401 -401 401 -401 401 -401 401 -401 401 -401 401 -401 401 -401 401 -401 401 -401 401 -401 401 -401 401 -401 401 -401 401 -401 401 -401 401 -401 401 -401 401 -401 401 -401 401 -401 401 -401 401 -401 401 -401 401 -401 401 -401 401 -401 401 -401 401 -401 401 -401 401 -401 401 -401 401 -401 401 -401 401 -401 401 -401 401 -401 401 -401 401 -401 401 -401 401 -401 401 -401 401 -401 401 -401 401 -401 401 -401 401 -401 401 -401 401 -401 401 -401 401 -401 401 -401 401 -401 401 -401 401 -401 401 -401 401 -401 401 -401 401 -401 401 -401 401 -401 401 -401 401 -401 401 -401 401 -401 401 -401 401 -401 401 -401 401 -401 401 -401 401 -401 401 -401 401 -401 401 -401 401 -401 401 -401 401 -401 401 -401 401 -401 401 -401 401 -401 401 -401 401 -401 401 -401 401 -401 401 -401 401 -401 401 -401 401 -401 401 -401 401 -401 401 -401 401 -401 401 -401 401 -401 401 -401 401 -401 401 -401 401 -401 401 -401 401 -401 401 -401 401 -401 401 -401 401 -401 401 -401 401 -401 401 -401 401 -401 401 -401 401 -401 401 -401 401 -401 401 -401 401 -401 401 -401 401 -401 401 -401 401 -401 401 -401 401 -401 401 -401 401 -401 401 -401 401 -401 401 -401 401 -401 401 -401 401 -401 401 -401 401 -401 401 -401 401 -401 401 -401 401 -401 401 -401 401 -401 401 -401 401 -401 401 -401 401 -401 401 -401 401 -401 401 -401 401 -401 401 -401 401 -401 401 -401 401 -401 401 -401 401 -401 401 -401 401 -401 401 -401 401 -401 401 -401 401 -401
RAW_Data: 7632 -7632
RAW_Data: 379 -379 379 -379 379 -379 379 -379 379 -379 379 -379 379 -379 379 -379 379 -379 379 -379 379 -379 379 -379 379 -379 379 -379 379 -379 379 -379 379 -379 379 -379 379 -379 379 -379 379 -379 379 -379 379 -379 379 -379 379 -379 379 -379 379 -379 379 -379 379 -379 379 -379 379 -379 379 -379 379 -379 379 -379 379 -379 379 -379 379 -379 379 -379 379 -379 379 -379 379 -379 379 -379 379 -379 379 -379 379 -379 379 -379 379 -379 379 -379 379 -379 379 -379 379 -379 379 -379 379 -379 379 -379 379 -379 379 -379 379 -379 379 -379 379 -379 379 -379 379 -379 379 -379 379 -379 379 -379 379 -379 379 -379 379 -379 379 -379 379 -379 379 -379 379 -379 379 -379 379 -379 379 -379 379 -379 379 -379 379 -379 379 -379 379 -379 379 -379 379 -379 379 -379 379 -379 379 -379 379 -379 379 -379 379 -379 379 -379 379 -379 379 -379 379 -379 379 -379 379 -379 379 -379 379 -379 379 -379 379 -379 379 -379 379 -379 379 -379 379 -379 379 -379 379 -379 379 -379 379 -379 379 -379 379 -379 379 -379 379 -379 379 -379 379 -379 379 -379 379 -379 379 -379 379 -379 379 -379 379 -379 379 -379 379 -379 379 -379 379 -379 379 -379 379 -379 379 -379 379 -379 379 -379 379 -379 379 -379 379 -379 379 -379 379 -379 379 -379 379 -379 379 -379 379 -379 379 -379 379 -379 379 -379 379 -379 379 -379 379 -379 379 -379 379 -379 379 -379 379 -379 379 -379 379 -379 379 -379 379 -379 379 -379 379 -379 379 -379 379 -379 379 -379 379 -379 379 -379 379 -379 379 -379 379 -379 379 -379 379 -379 379 -379 379 -379 379 -379 379 -379 379 -379 379 -379 379 -379 379 -379 379 -379 379 -379 379 -379 379 -379 379 -379 379 -379 379 -379 379 -379 379 -379
RAW_Data: 7538 -7538
RAW_Data: 379 -379 379 -379 379 -379 379 -379 379 -379 379 -379 379 -379 379 -379 379 -379 379 -379 379 -379 379 -379 379 -379 379 -379 379 -379 379 -379 379 -379 379 -379 379 -379 379 -379 379 -379 379 -379 379 -379 379 -379 379 -379 379 -379 379 -379 379 -379 379 -379 379 -379 379 -379 379 -379 379 -379 379 -379 379 -379 379 -379 379 -379 379 -379 379 -379 379 -379 379 -379 379 -379 379 -379 379 -379 379 -379 379 -379 379 -379 379 -379 379 -379 379 -379 379 -379 379 -379 379 -379 379 -379 379 -379 379 -379 379 -379 379 -379 379 -379 379 -379 379 -379 379 -379 379 -379 379 -379 379 -379 379 -379 379 -379 379 -379 379 -379 379 -379 379 -379 379 -379 379 -379 379 -379 379 -379 379 -379 379 -379 379 -379 379 -379 379 -379 379 -379 379 -379 379 -379 379 -379 379 -379 379 -379 379 -379 379 -379 379 -379 379 -379 379 -379 379 -379 379 -379 379 -379 379 -379 379 -379 379 -379 379 -379 379 -379 379 -379 379 -379 379 -379 379 -379 379 -379 379 -379 379 -379 379 -379 379 -379 379 -379 379 -379 379 -379 379 -379 379 -379 379 -379 379 -379 379 -379 379 -379 379 -379 379 -379 379 -379 379 -379 379 -379 379 -379 379 -379 379 -379 379 -379 379 -379 379 -379 379 -379 379 -379 379 -379 379 -379 379 -379 379 -379 379 -379 379 -379 379 -379 379 -379 379 -379 379 -379 379 -379 379 -379 379 -379 379 -379 379 -379 379 -379 379 -379 379 -379 379 -379 379 -379 379 -379 379 -379 379 -379 379 -379 379 -379 379 -379 379 -379 379 -379 379 -379 379 -379 379 -379 379 -379 379 -379 379 -379 379 -379 379 -379 379 -379 379 -379 379 -379 379 -379 379 -379 379 -379 379 -379 379 -379 379 -379 379 -379 379 -379 379 -379
RAW_Data: 7538 -7538
RAW_Data: 357 -357 357 -357 357 -357 357 -357 357 -357 357 -357 357 -357 357 -357 357 -357 357 -357 357 -357 357 -357 357 -357 357 -357 357 -357 357 -357 357 -357 357 -357 357 -357 357 -357 357 -357 357 -357 357 -357 357 -357 357 -357 357 -357 357 -357 357 -357 357 -357 357 -357 357 -357 357 -357 357 -357 357 -357 357 -357 357 -357 357 -357 357 -357 357 -357 357 -357 357 -357 357 -357 357 -357 357 -357 357 -357 357 -357 357 -357 357 -357 357 -357 357 -357 357 -357 357 -357 357 -357 357 -357 357 -357 357 -357 357 -357 357 -357 357 -357 357 -357 357 -357 357 -357 357 -357 357 -357 357 -357 357 -357 357 -357 357 -357 357 -357 357 -357 357 -357 357 -357 357 -357 357 -357 357 -357 357 -357 357 -357 357 -357 357 -357 357 -357 357 -357 357 -357 357 -357 357 -357 357 -357 357 -357 357 -357 357 -357 357 -357 357 -357 357 -357 357 -357 357 -357 357 -357 357 -357 357 -357 357 -357 357 -357 357 -357 357 -357 357 -357 357 -357 357 -357 357 -357 357 -357 357 -357 357 -357 357 -357 357 -357 357 -357 357 -357 357 -357 357 -357 357 -357 357 -357 357 -357 357 -357 357 -357 357 -357 357 -357 357 -357 357 -357 357 -357 357 -357 357 -357 357 -357 357 -357 357 -357 357 -357 357 -357 357 -357 357 -357 357 -357 357 -357 357 -357 357 -357 357 -357 357 -357 357 -357 357 -357 357 -357 357 -357 357 -357 357 -357 357 -357 357 -357 357 -357 357 -357 357 -357 357 -357 357 -357 357 -357 357 -357 357 -357 357 -357 357 -357 357 -357 357 -357 357 -357 357 -357 357 -357 357 -357 357 -357 357 -357 357 -357 357 -357 357 -357 357 -357 357 -357 357 -357 357 -357 357 -357 357 -357 357 -357 357 -357 357 -357 357 -357 357 -357 357 -357 357 -357 357 -357 357 -357 357 -357 357 -357 357 -357 357 -357 357 -357 357 -357 357 -357
RAW_Data: 7527 -7527
RAW_Data: 357 -357 357 -357 357 -357 357 -357 357 -357 357 -357 357 -357 357 -357 357 -357 357 -357 357 -357 357 -357 357 -357 357 -357 357 -357 357 -357 357 -357 357 -357 357 -357 357 -357 357 -357 357 -357 357 -357 357 -357 357 -357 357 -357 357 -357 357 -357 357 -357 357 -357 357 -357 357 -357 357 -357 357 -357 357 -357 357 -357 357 -357 357 -357 357 -357 357 -357 357 -357 357 -357 357 -357 357 -357 357 -357 357 -357 357 -357 357 -357 357 -357 357 -357 357 -357 357 -357 357 -357 357 -357 357 -357 357 -357 357 -357 357 -357 357 -357 357 -357 357 -357 357 -357 357 -357 357 -357 357 -357 357 -357 357 -357 357 -357 357 -357 357 -357 357 -357 357 -357 357 -357 357 -357 357 -357 357 -357 357 -357 357 -357 357 -357 357 -357 357 -357 357 -357 357 -357 357 -357 357 -357 357 -357 357 -357 357 -357 357 -357 357 -357 357 -357 357 -357 357 -357 357 -357 357 -357 357 -357 357 -357 357 -357 357 -357 357 -357 357 -357 357 -357 357 -357 357 -357 357 -357 357 -357 357 -357 357 -357 357 -357 357 -357 357 -357 357 -357 357 -357 357 -357 357 -357 357 -357 357 -357 357 -357 357 -357 357 -357 357 -357 357 -357 357 -357 357 -357 357 -357 357 -357 357 -357 357 -357 357 -357 357 -357 357 -357 357 -357 357 -357 357 -357 357 -357 357 -357 357 -357 357 -357 357 -357 357 -357 357 -357 357 -357 357 -357 357 -357 357 -357 357 -357 357 -357 357 -357 357 -357 357 -357 357 -357 357 -357 357 -357 357 -357 357 -357 357 -357 357 -357 357 -357 357 -357 357 -357 357 -357 357 -357 357 -357 357 -357 357 -357 357 -357 357 -357 357 -357 357 -357 357 -357 357 -357 357 -357 357 -357 357 -357 357 -357 357 -357 357 -357 357 -357 357 -357 357 -357 357 -357 357 -357 357 -357 357 -357 357 -357 357 -357 357 -357 357 -357 357 -357
RAW_Data: 7527 -7527
RAW_Data: 379 -379 379 -379 379 -379 379 -379 379 -379 379 -379 379 -379 379 -379 379 -379 379 -379 379 -379 379 -379 379 -379 379 -379 379 -379 379 -379 379 -379 379 -379 379 -379 379 -379 379 -379 379 -379 379 -379 379 -379 379 -379 379 -379 379 -379 379 -379 379 -379 379 -379 379 -379 379 -379 379 -379 379 -379 379 -379 379 -379 379 -379 379 -379 379 -379 379 -379 379 -379 379 -379 379 -379 379 -379 379 -379 379 -379 379 -379 379 -379 379 -379 379 -379 379 -379 379 -379 379 -379 379 -379 379 -379 379 -379 379 -379 379 -379 379 -379 379 -379 379 -379 379 -379 379 -379 379 -379 379 -379 379 -379 379 -379 379 -379 379 -379 379 -379 379 -379 379 -379 379 -379 379 -379 379 -379 379 -379 379 -379 379 -379 379 -379 379 -379 379 -379 379 -379 379 -379 379 -379 379 -379 379 -379 379 -379 379 -379 379 -379 379 -379 379 -379 379 -379 379 -379 379 -379 379 -379 379 -379 379 -379 379 -379 379 -379 379 -379 379 -379 379 -379 379 -379 379 -379 379 -379 379 -379 379 -379 379 -379 379 -379 379 -379 379 -379 379 -379 379 -379 379 -379 379 -379 379 -379 379 -379 379 -379 379 -379 379 -379 379 -379 379 -379 379 -379 379 -379 379 -379 379 -379 379 -379 379 -379 379 -379 379 -379 379 -379 379 -379 379 -379 379 -379 379 -379 379 -379 379 -379 379 -379 379 -379 379 -379 379 -379 379 -379 379 -379 379 -379 379 -379 379 -379 379 -379 379 -379 379 -379 379 -379 379 -379 379 -379 379 -379 379 -379 379 -379 379 -379 379 -379 379 -379 379 -379 379 -379 379 -379 379 -379 379 -379 379 -379 379 -379 379 -379 379 -379 379 -379 379 -379 379 -379 379 -379 379 -379 379 -379 379 -379 379 -379 379 -379 379 -379 379 -379
RAW_Data: 7538 -7538
RAW_Data: 379 -379 379 -379 379 -379 379 -379 379 -379 379 -379 379 -379 379 -379 379 -379 379 -379 379 -379 379 -379 379 -379 379 -379 379 -379 379 -379 379 -379 379 -379 379 -379 379 -379 379 -379 379 -379 379 -379 379 -379 379 -379 379 -379 379 -379 379 -379 379 -379 379 -379 379 -379 379 -379 379 -379 379 -379 379 -379 379 -379 379 -379 379 -379 379 -379 379 -379 379 -379 379 -379 379 -379 379 -379 379 -379 379 -379 379 -379 379 -379 379 -379 379 -379 379 -379 379 -379 379 -379 379 -379 379 -379 379 -379 379 -379 379 -379 379 -379 379 -379 379 -379 379 -379 379 -379 379 -379 379 -379 379 -379 379 -379 379 -379 379 -379 379 -379 379 -379 379 -379 379 -379 379 -379 379 -379 379 -379 379 -379 379 -379 379 -379 379 -379 379 -379 379 -379 379 -379 379 -379 379 -379 379 -379 379 -379 379 -379 379 -379 379 -379 379 -379 379 -379 379 -379 379 -379 379 -379 379 -379 379 -379 379 -379 379 -379 379 -379 379 -379 379 -379 379 -379 379 -379 379 -379 379 -379 379 -379 379 -379 379 -379 379 -379 379 -379 379 -379 379 -379 379 -379 379 -379 379 -379 379 -379 379 -379 379 -379 379 -379 379 -379 379 -379 379 -379 379 -379 379 -379 379 -379 379 -379 379 -379 379 -379 379 -379 379 -379 379 -379 379 -379 379 -379 379 -379 379 -379 379 -379 379 -379 379 -379 379 -379 379 -379 379 -379 379 -379 379 -379 379 -379 379 -379 379 -379 379 -379 379 -379 379 -379 379 -379 379 -379 379 -379 379 -379 379 -379 379 -379 379 -379 379 -379 379 -379 379 -379 379 -379 379 -379 379 -379 379 -379 379 -379 379 -379 379 -379 379 -379 379 -379 379 -379 379 -379 379 -379 379 -379 379 -379 379 -379 379 -379 379 -379 379 -379
RAW_Data: 7538 -7538
RAW_Data: 401 -401 401 -401 401 -401 401 -401 401 -401 401 -401 401 -401 401 -401 401 -401 401 -401 401 -401 401 -401 401 -401 401 -401 401 -401 401 -401 401 -401 401 -401 401 -401 401 -401 401 -401 401 -401 401 -401 401 -401 401 -401 401 -401 401 -401 401 -401 401 -401 401 -401 401 -401 401 -401 401 -401 401 -401 401 -401 401 -401 401 -401 401 -401 401 -401 401 -401 401 -401 401 -401 401 -401 401 -401 401 -401 401 -401 401 -401 401 -401 401 -401 401 -401 401 -401 401 -401 401 -401 401 -401 401 -401 401 -401 401 -401 401 -401 401 -401 401 -401 401 -401 401 -401 401 -401 401 -401 401 -401 401 -401 401 -401 401 -401 401 -401 401 -401 401 -401 401 -401 401 -401 401 -401 401 -401 401 -401 401 -401 401 -401 401 -401 401 -401 401 -401 401 -401 401 -401 401 -401 401 -401 401 -401 401 -401 401 -401 401 -401 401 -401 401 -401 401 -401 401 -401 401 -401 401 -401 401 -401 401 -401 401 -401 401 -401 401 -401 401 -401 401 -401 401 -401 401 -401 401 -401 401 -401 401 -401 401 -401 401 -401 401 -401 401 -401 401 -401 401 -401 401 -401 401 -401 401 -401 401 -401 401 -401 401 -401 401 -401 401 -401 401 -401 401 -401 401 -401 401 -401 401 -401 401 -401 401 -401 401 -401 401 -401 401 -401 401 -401 401 -401 401 -401 401 -401 401 -401 401 -401 401 -401 401 -401 401 -401 401 -401 401 -401 401 -401 401 -401 401 -401 401 -401 401 -401 401 -401 401 -401 401 -401 401 -401 401 -401 401 -401 401 -401 401 -401 401 -401 401 -401 401 -401 401 -401 401 -401 401 -401 401 -401 401 -401 401 -401 401 -401 401 -401 401 -401 401 -401
RAW_Data: 7632 -7632
RAW_Data: 401 -401 401 -401 401 -401 401 -401 401 -401 401 -401 401 -401 401 -401 401 -401 401 -401 401 -401 401 -401 401 -401 401 -401 401 -401 401 -401 401 -401 401 -401 401 -401 401 -401 401 -401 401 -401 401 -401 401 -401 401 -401 401 -401 401 -401 401 -401 401 -401 401 -401 401 -401 401 -401 401 -401 401 -401 401 -401 401 -401 401 -401 401 -401 401 -401 401 -401 401 -401 401 -401 401 -401 401 -401 401 -401 401 -401 401 -401 401 -401 401 -401 401 -401 401 -401 401 -401 401 -401 401 -401 401 -401 401 -401 401 -401 401 -401 401 -401 401 -401 401 -401 401 -401 401 -401 401 -401 401 -401 401 -401 401 -401 401 -401 401 -401 401 -401 401 -401 401 -401 401 -401 401 -401 401 -401 401 -401 401 -401 401 -401 401 -401 401 -401 401 -401 401 -401 401 -401 401 -401 401 -401 401 -401 401 -401 401 -401 401 -401 401 -401 401 -401 401 -401 401 -401 401 -401 401 -401 401 -401 401 -401 401 -401 401 -401 401 -401 401 -401 401 -401 401 -401 401 -401 401 -401 401 -401 401 -401 401 -401 401 -401 401 -401 401 -401 401 -401 401 -401 401 -401 401 -401 401 -401 401 -401 401 -401 401 -401 401 -401 401 -401 401 -401 401 -401 401 -401 401 -401 401 -401 401 -401 401 -401 401 -401 401 -401 401 -401 401 -401 401 -401 401 -401 401 -401 401 -401 401 -401 401 -401 401 -401 401 -401 401 -401 401 -401 401 -401 401 -401 401 -401 401 -401 401 -401 401 -401 401 -401 401 -401 401 -401 401 -401 401 -401 401 -401 401 -401 401 -401 401 -401 401 -401 401 -401 401 -401 401 -401 401 -401 401 -401 401 -401 401 -401 401 -401 401 -401 401 -401
RAW_Data: 7632 -7632
RAW_Data: 379 -379 379 -379 379 -379 379 -379 379 -379 379 -379 379 -379 379 -379 379 -379 379 -379 379 -379 379 -379 379 -379 379 -379 379 -379 379 -379 379 -379 379 -379 379 -379 379 -379 379 -379 379 -379 379 -379 379 -379 379 -379 379 -379 379 -379 379 -379 379 -379 379 -379 379 -379 379 -379 379 -379 379 -379 379 -379 379 -379 379 -379 379 -379 379 -379 379 -379 379 -379 379 -379 379 -379 379 -379 379 -379 379 -379 379 -379 379 -379 379 -379 379 -379 379 -379 379 -379 379 -379 379 -379 379 -379 379 -379 379 -379 379 -379 379 -379 379 -379 379 -379 379 -379 379 -379 379 -379 379 -379 379 -379 379 -379 379 -379 379 -379 379 -379 379 -379 379 -379 379 -379 379 -379 379 -379 379 -379 379 -379 379 -379 379 -379 379 -379 379 -379 379 -379 379 -379 379 -379 379 -379 379 -379 379 -379 379 -379 379 -379 379 -379 379 -379 379 -379 379 -379 379 -379 379 -379 379 -379 379 -379 379 -379 379 -379 379 -379 379 -379 379 -379 379 -379 379 -379 379 -379 379 -379 379 -379 379 -379 379 -379 379 -379 379 -379 379 -379 379 -379 379 -379 379 -379 379 -379 379 -379 379 -379 379 -379 379 -379 379 -379 379 -379 379 -379 379 -379 379 -379 379 -379 379 -379 379 -379 379 -379 379 -379 379 -379 379 -379 379 -379 379 -379 379 -379 379 -379 379 -379 379 -379 379 -379 379 -379 379 -379 379 -379 379 -379 379 -379 379 -379 379 -379 379 -379 379 -379 379 -379 379 -379 379 -379 379 -379 379 -379 379 -379 379 -379 379 -379 379 -379 379 -379 379 -379 379 -379 379 -379 379 -379 379 -379 379 -379 379 -379 379 -379 379 -379 379 -379 379 -379 379 -379 379 -379 379 -379 379 -379 379 -379 379 -379 379 -379 379 -379 379 -379
RAW_Data: 7538 -7538
RAW_Data: 379 -379 379 -379 379 -379 379 -379 379 -379 379 -379 379 -379 379 -379 379 -379 379 -379 379 -379 379 -379 379 -379 379 -379 379 -379 379 -379 379 -379 379 -379 379 -379 379 -379 379 -379 379 -379 379 -379 379 -379 379 -379 379 -379 379 -379 379 -379 379 -379 379 -379 379 -379 379 -379 379 -379 379 -379 379 -379 379 -379 379 -379 379 -379 379 -379 379 -379 379 -379 379 -379 379 -379 379 -379 379 -379 379 -379 379 -379 379 -379 379 -379 379 -379 379 -379 379 -379 379 -379 379 -379 379 -379 379 -379 379 -379 379 -379 379 -379 379 -379 379 -379 379 -379 379 -379 379 -379 379 -379 379 -379 379 -379 379 -379 379 -379 379 -379 379 -379 379 -379 379 -379 379 -379 379 -379 379 -379 379 -379 379 -379 379 -379 379 -379 379 -379 379 -379 379 -379 379 -379 379 -379 379 -379 379 -379 379 -379 379 -379 379 -379 379 -379 379 -379 379 -379 379 -379 379 -379 379 -379 379 -379 379 -379 379 -379 379 -379 379 -379 379 -379 379 -379 379 -379 379 -379 379 -379 379 -379 379 -379 379 -379 379 -379 379 -379 379 -379 379 -379 379 -379 379 -379 379 -379 379 -379 379 -379 379 -379 379 -379 379 -379 379 -379 379 -379 379 -379 379 -379 379 -379 379 -379 379 -379 379 -379 379 -379 379 -379 379 -379 379 -379 379 -379 379 -379 379 -379 379 -379 379 -379 379 -379 379 -379 379 -379 379 -379 379 -379 379 -379 379 -379 379 -379 379 -379 379 -379 379 -379 379 -379 379 -379 379 -379 379 -379 379 -379 379 -379 379 -379 379 -379 379 -379 379 -379 379 -379 379 -379 379 -379 379 -379 379 -379 379 -379 379 -379 379 -379 379 -379 379 -379 379 -379 379 -379 379 -379 379 -379 379 -379 379 -379 379 -379 379 -379 379 -379
RAW_Data: 7538 -7538
RAW_Data: 300 -300 300 -300 300 -300 300 -300 300 -300 300 -300 300 -300 300 -300 300 -300 300 -300 300 -300 300 -300 300 -300 300 -300 300 -300 300 -300 300 -300 300 -300 300 -300 300 -300 300 -300 300 -300 300 -300 300 -300 300 -300 300 -300 300 -300 300 -300 300 -300 300 -300 300 -300 300 -300 300 -300 300 -300 300 -300 300 -300 300 -300 300 -300 300 -300 300 -300 300 -300 300 -300 300 -300 300 -300 300 -300 300 -300 300 -300 300 -300 300 -300 300 -300 300 -300 300 -300 300 -300 300 -300 300 -300 300 -300 300 -300 300 -300 300 -300 300 -300 300 -300 300 -300 300 -300 300 -300 300 -300 300 -300 300 -300 300 -300 300 -300 300 -300 300 -300 300 -300 300 -300 300 -300 300 -300 300 -300 300 -300 300 -300 300 -300 300 -300 300 -300 300 -300 300 -300 300 -300 300 -300 300 -300 300 -300 300 -300 300 -300 300 -300 300 -300 300 -300 300 -300 300 -300 300 -300 300 -300 300 -300 300 -300 300 -300 300 -300 300 -300 300 -300 300 -300 300 -300 300 -300 300 -300 300 -300 300 -300 300 -300 300 -300 300 -300 300 -300 300 -300 300 -300 300 -300 300 -300 300 -300 300 -300 300 -300 300 -300 300 -300 300 -300 300 -300 300 -300 300 -300 300 -300 300 -300 300 -300 300 -300 300 -300 300 -300 300 -300 300 -300 300 -300 300 -300 300 -300 300 -300 300 -300 300 -300 300 -300 300 -300 300 -300 300 -300 300 -300 300 -300 300 -300 300 -300 300 -300 300 -300 300 -300 300 -300 300 -300 300 -300 300 -300 300 -300 300 -300 300 -300 300 -300 300 -300 300 -300 300 -300 300 -300 300 -300 300 -300 300 -300 300 -300 300 -300 300 -300 300 -300 300 -300 300 -300 300 -300 300 -300 300 -300 300 -300 300 -300 300 -300 300 -300 300 -300 300 -300 300 -300 300 -300 300 -300 300 -300 300 -300 300 -300 300 -300 300 -300 300 -300 300 -300 300 -300 300 -300 300 -300 300 -300 300 -300 300 -300 300 -300 300 -300 300 -300 300 -300 300 -300 300 -300 300 -300 300 -300 300 -300 300 -300 300 -300 300 -300 300 -300 300 -300 300 -300 300 -300 300 -300 300 -300 300 -300 300 -300 300 -300 300 -300 300 -300 300 -300 300 -300 300 -300 300 -300 300 -300 300 -300 300 -300 300 -300 300 -300 300 -300 300 -300 300 -300 300 -300 300 -300 300 -300 300 -300 300 -300 300 -300 300 -300 300 -300 300 -300 300 -300 300 -300 300 -300 300 -300 300 -300 300 -300 300 -300 300 -300 300 -300 300 -300 300 -300 300 -300 300 -300 300 -300 300 -300
RAW_Data: 300 -300 300 -300 300 -300 300 -300 300 -300 300 -300 300 -300 300 -300 300 -300 300 -300 300 -300 300 -300 300 -300 300 -300 300 -300 300 -300 300 -300 300 -300 300 -300 300 -300 300 -300 300 -300 300 -300 300 -300 300 -300 300 -300 300 -300 300 -300 300 -300 300 -300 300 -300 300 -300 300 -300 300 -300 300 -300 300 -300 300 -300 300 -300 300 -300 300 -300 300 -300 300 -300 300 -300 300 -300 300 -300 300 -300 300 -300 300 -300 300 -300 300 -300 300 -300 300 -300 300 -300 300 -300 300 -300 300 -300 300 -300 300 -300 300 -300 300 -300 300 -300 300 -300 300 -300 300 -300 300 -300 300 -300 300 -300 300 -300 300 -300 300 -300 300 -300 300 -300 300 -300 300 -300 300 -300 300 -300 300 -300 300 -300 300 -300 300 -300 300 -300 300 -300 300 -300 300 -300 300 -300 300 -300 300 -300 300 -300 300 -300 300 -300 300 -300 300 -300 300 -300 300 -300 300 -300 300 -300 300 -300 300 -300 300 -300 300 -300 300 -300 300 -300 300 -300 300 -300 300 -300 300 -300 300 -300 300 -300 300 -300 300 -300 300 -300 300 -300 300 -300 300 -300 300 -300 300 -300 300 -300 300 -300 300 -300 300 -300 300 -300 300 -300 300 -300 300 -300 300 -300 300 -300 300 -300 300 -300 300 -300 300 -300 300 -300 300 -300 300 -300 300 -300 300 -300 300 -300 300 -300 300 -300 300 -300 300 -300 300 -300 300 -300 300 -300 300 -300 300 -300 300 -300 300 -300 300 -300 300 -300 300 -300 300 -300 300 -300 300 -300 300 -300 300 -300 300 -300 300 -300 300 -300 300 -300 300 -300 300 -300 300 -300 300 -300 300 -300 300 -300 300 -300 300 -300 300 -300 300 -300 300 -300 300 -300 300 -300 300 -300 300 -300 300 -300 300 -300 300 -300 300 -300 300 -300 300 -300 300 -300 300 -300 300 -300 300 -300 300 -300 300 -300 300 -300 300 -300 300 -300 300 -300 300 -300 300 -300 300 -300 300 -300 300 -300
RAW_Data: 15000 -15000
RAW_Data: 300 -300 300 -300 300 -300 300 -300 300 -300 300 -300 300 -300 300 -300 300 -300 300 -300 300 -300 300 -300 300 -300 300 -300 300 -300 300 -300 300 -300 300 -300 300 -300 300 -300 300 -300 300 -300 300 -300 300 -300 300 -300 300 -300 300 -300 300 -300 300 -300 300 -300 300 -300 300 -300 300 -300 300 -300 300 -300 300 -300 300 -300 300 -300 300 -300 300 -300 300 -300 300 -300 300 -300 300 -300 300 -300 300 -300 300 -300 300 -300 300 -300 300 -300 300 -300 300 -300 300 -300 300 -300 300 -300 300 -300 300 -300 300 -300 300 -300 300 -300 300 -300 300 -300 300 -300 300 -300 300 -300 300 -300 300 -300 300 -300 300 -300 300 -300 300 -300 300 -300 300 -300 300 -300 300 -300 300 -300 300 -300 300 -300 300 -300 300 -300 300 -300 300 -300 300 -300 300 -300 300 -300 300 -300 300 -300 300 -300 300 -300 300 -300 300 -300 300 -300 300 -300 300 -300 300 -300 300 -300 300 -300 300 -300 300 -300 300 -300 300 -300 300 -300 300 -300 300 -300 300 -300 300 -300 300 -300 300 -300 300 -300 300 -300 300 -300 300 -300 300 -300 300 -300 300 -300 300 -300 300 -300 300 -300 300 -300 300 -300 300 -300 300 -300 300 -300 300 -300 300 -300 300 -300 300 -300 300 -300 300 -300 300 -300 300 -300 300 -300 300 -300 300 -300 300 -300 300 -300 300 -300 300 -300 300 -300 300 -300 300 -300 300 -300 300 -300 300 -300 300 -300 300 -300 300 -300 300 -300 300 -300 300 -300 300 -300 300 -300 300 -300 300 -300 300 -300 300 -300 300 -300 300 -300 300 -300 300 -300 300 -300 300 -300 300 -300 300 -300 300 -300 300 -300 300 -300 300 -300 300 -300 300 -300 300 -300 300 -300 300 -300 300 -300 300 -300 300 -300 300 -300 300 -300 300 -300 300 -300 300 -300 300 -300 300 -300 300 -300 300 -300 300 -300 300 -300 300 -300 300 -300 300 -300 300 -300 300 -300 300 -300 300 -300 300 -300 300 -300 300 -300 300 -300 300 -300 300 -300 300 -300 300 -300 300 -300 300 -300 300 -300 300 -300 300 -300 300 -300 300 -300 300 -300 300 -300 300 -300 300 -300 300 -300 300 -300 300 -300 300 -300 300 -300 300 -300 300 -300 300 -300 300 -300 300 -300 300 -300 300 -300 300 -300 300 -300 300 -300 300 -300 300 -300 300 -300 300 -300 300 -300 300 -300 300 -300 300 -300 300 -300 300 -300 300 -300 300 -300 300 -300 300 -300 300 -300 300 -300 300 -300 300 -300 300 -300 300 -300 300 -300 300 -300 300 -300 300 -300 300 -300 300 -300 300 -300
RAW_Data: 300 -300 300 -300 300 -300 300 -300 300 -300 300 -300 300 -300 300 -300 300 -300 300 -300 300 -300 300 -300 300 -300 300 -300 300 -300 300 -300 300 -300 300 -300 300 -300 300 -300 300 -300 300 -300 300 -300 300 -300 300 -300 300 -300 300 -300 300 -300 300 -300 300 -300 300 -300 300 -300 300 -300 300 -300 300 -300 300 -300 300 -300 300 -300 300 -300 300 -300 300 -300 300 -300 300 -300 300 -300 300 -300 300 -300 300 -300 300 -300 300 -300 300 -300 300 -300 300 -300 300 -300 300 -300 300 -300 300 -300 300 -300 300 -300 300 -300 300 -300 300 -300 300 -300 300 -300 300 -300 300 -300 300 -300 300 -300 300 -300 300 -300 300 -300 300 -300 300 -300 300 -300 300 -300 300 -300 300 -300 300 -300 300 -300 300 -300 300 -300 300 -300 300 -300 300 -300 300 -300 300 -300 300 -300 300 -300 300 -300 300 -300 300 -300 300 -300 300 -300 300 -300 300 -300 300 -300 300 -300 300 -300 300 -300 300 -300 300 -300 300 -300 300 -300 300 -300 300 -300 300 -300 300 -300 300 -300 300 -300 300 -300 300 -300 300 -300 300 -300 300 -300 300 -300 300 -300 300 -300 300 -300 300 -300 300 -300 300 -300 300 -300 300 -300 300 -300 300 -300 300 -300 300 -300 300 -300 300 -300 300 -300 300 -300 300 -300 300 -300 300 -300 300 -300 300 -300 300 -300 300 -300 300 -300 300 -300 300 -300 300 -300 300 -300 300 -300 300 -300 300 -300 300 -300 300 -300 300 -300 300 -300 300 -300 300 -300 300 -300 300 -300 300 -300 300 -300 300 -300 300 -300 300 -300 300 -300 300 -300 300 -300 300 -300 300 -300 300 -300 300 -300 300 -300 300 -300 300 -300 300 -300 300 -300 300 -300 300 -300 300 -300 300 -300 300 -300 300 -300 300 -300 300 -300 300 -300 300 -300 300 -300 300 -300 300 -300 300 -300 300 -300 300 -300 300 -300 300 -300 300 -300 300 -300 300 -300 300 -300 300 -300 300 -300 300 -300 300 -300 300 -300 300 -300 300 -300 300 -300 300 -300 300 -300 300 -300 300 -300 300 -300 300 -300 300 -300 300 -300 300 -300 300 -300 300 -300 300 -300 300 -300 300 -300 300 -300 300 -300 300 -300 300 -300 300 -300 300 -300 300 -300 300 -300 300 -300 300 -300 300 -300 300 -300 300 -300 300 -300 300 -300 300 -300 300 -300 300 -300 300 -300 300 -300 300 -300 300 -300 300 -300 300 -300 300 -300 300 -300 300 -300 300 -300 300 -300 300 -300 300 -300 300 -300 300 -300 300 -300 300 -300 300 -300 300 -300 300 -300 300 -300 300 -300 300 -300 300 -300
RAW_Data: 300 -300 300 -300 300 -300 300 -300 300 -300 300 -300 300 -300 300 -300 300 -300 300 -300 300 -300 300 -300 300 -300 300 -300 300 -300 300 -300 300 -300 300 -300 300 -300 300 -300 300 -300 300 -300 300 -300 300 -300 300 -300 300 -300 300 -300 300 -300 300 -300 300 -300 300 -300 300 -300 300 -300 300 -300 300 -300 300 -300 300 -300 300 -300 300 -300 300 -300 300 -300 300 -300 300 -300 300 -300 300 -300 300 -300 300 -300 300 -300 300 -300 300 -300 300 -300 300 -300 300 -300 300 -300 300 -300 300 -300 300 -300 300 -300 300 -300 300 -300 300 -300 300 -300 300 -300 300 -300 300 -300 300 -300 300 -300 300 -300 300 -300 300 -300 300 -300 300 -300 300 -300 300 -300 300 -300 300 -300 300 -300 300 -300 300 -300 300 -300 300 -300 300 -300 300 -300 300 -300 300 -300 300 -300 300 -300 300 -300 300 -300 300 -300 300 -300 300 -300 300 -300 300 -300 300 -300 300 -300 300 -300 300 -300 300 -300 300 -300 300 -300 300 -300 300 -300 300 -300 300 -300 300 -300 300 -300 300 -300 300 -300 300 -300 300 -300 300 -300 300 -300 300 -300 300 -300 300 -300 300 -300 300 -300 300 -300 300 -300 300 -300 300 -300 300 -300 300 -300 300 -300 300 -300 300 -300 300 -300 300 -300 300 -300 300 -300 300 -300 300 -300 300 -300 300 -300 300 -300 300 -300 300 -300 300 -300 300 -300 300 -300 300 -300 300 -300 300 -300 300 -300 300 -300 300 -300 300 -300 300 -300 300 -300 300 -300 300 -300 300 -300 300 -300 300 -300 300 -300 300 -300 300 -300 300 -300 300 -300 300 -300 300 -300 300 -300 300 -300 300 -300 300 -300 300 -300 300 -300 300 -300 300 -300 300 -300 300 -300 300 -300 300 -300 300 -300 300 -300 300 -300 300 -300 300 -300 300 -300 300 -300 300 -300 300 -300 300 -300 300 -300 300 -300 300 -300 300 -300 300 -300 300 -300 300 -300 300 -300 300 -300 300 -300 300 -300 300 -300 300 -300 300 -300 300 -300 300 -300 300 -300 300 -300 300 -300 300 -300 300 -300 300 -300 300 -300 300 -300 300 -300 300 -300 300 -300 300 -300 300 -300 300 -300 300 -300 300 -300 300 -300 300 -300 300 -300 300 -300 300 -300 300 -300 300 -300 300 -300 300 -300 300 -300 300 -300 300 -300 300 -300 300 -300 300 -300 300 -300 300 -300 300 -300 300 -300 300 -300 300 -300 300 -300 300 -300 300 -300 300 -300 300 -300 300 -300 300 -300 300 -300 300 -300 300 -300 300 -300 300 -300 300 -300 300 -300 300 -300 300 -300 300 -300 300 -300 300 -300
RAW_Data: 300 -300 300 -300 300 -300 300 -300 300 -300 300 -300 300 -300 300 -300 300 -300 300 -300 300 -300 300 -300 300 -300 300 -300 300 -300 300 -300 300 -300 300 -300 300 -300 300 -300 300 -300 300 -300 300 -300 300 -300 300 -300 300 -300 300 -300 300 -300 300 -300 300 -300 300 -300 300 -300 300 -300 300 -300 300 -300 300 -300 300 -300 300 -300 300 -300 300 -300 300 -300 300 -300 300 -300 300 -300 300 -300 300 -300 300 -300 300 -300 300 -300 300 -300 300 -300 300 -300 300 -300 300 -300 300 -300 300 -300 300 -300 300 -300 300 -300 300 -300 300 -300 300 -300 300 -300 300 -300 300 -300 300 -300 300 -300 300 -300 300 -300 300 -300 300 -300 300 -300 300 -300 300 -300 300 -300 300 -300 300 -300 300 -300 300 -300 300 -300 300 -300 300 -300 300 -300 300 -300 300 -300 300 -300 300 -300 300 -300 300 -300 300 -300 300 -300 300 -300 300 -300 300 -300 300 -300 300 -300 300 -300 300 -300 300 -300 300 -300 300 -300 300 -300 300 -300 300 -300 300 -300 300 -300 300 -300 300 -300 300 -300 300 -300 300 -300 300 -300 300 -300 300 -300 300 -300 300 -300 300 -300 300 -300 300 -300 300 -300 300 -300 300 -300 300 -300 300 -300 300 -300 300 -300 300 -300 300 -300 300 -300 300 -300 300 -300 300 -300 300 -300 300 -300 300 -300 300 -300 300 -300 300 -300 300 -300 300 -300 300 -300 300 -300 300 -300 300 -300 300 -300 300 -300 300 -300 300 -300 300 -300 300 -300 300 -300 300 -300 300 -300 300 -300 300 -300 300 -300 300 -300 300 -300 300 -300 300 -300 300 -300 300 -300 300 -300 300 -300 300 -300 300 -300 300 -300 300 -300 300 -300 300 -300 300 -300 300 -300 300 -300 300 -300 300 -300 300 -300 300 -300 300 -300 300 -300 300 -300 300 -300 300 -300 300 -300
RAW_Data: 15000 -15000
RAW_Data: 10416 -10416 10416 -10416 10416 -10416 10416 -10416 10416 -10416 10416 -10416 10416 -10416 10416 -10416 10416 -10416 10416 -10416 10416 -10416 10416 -10416
RAW_Data: 12504 -12504 12504 -12504
RAW_Data: 357 -357 357 -357 357 -357 357 -357 357 -357 357 -357 357 -357 357 -357 357 -357 357 -357 357 -357 357 -357 357 -357 357 -357 357 -357 357 -357 357 -357 357 -357 357 -357 357 -357 357 -357 357 -357 357 -357 357 -357 357 -357 357 -357 357 -357 357 -357 357 -357 357 -357 357 -357 357 -357 357 -357 357 -357 357 -357 357 -357 357 -357 357 -357 357 -357 357 -357 357 -357 357 -357 357 -357 357 -357 357 -357 357 -357 357 -357 357 -357 357 -357 357 -357 357 -357 357 -357 357 -357 357 -357 357 -357 357 -357 357 -357 357 -357 357 -357 357 -357 357 -357 357 -357 357 -357 357 -357 357 -357 357 -357 357 -357 357 -357 357 -357 357 -357 357 -357 357 -357 357 -357 357 -357 357 -357 357 -357 357 -357 357 -357 357 -357 357 -357 357 -357 357 -357 357 -357 357 -357 357 -357 357 -357 357 -357 357 -357 357 -357 357 -357 357 -357 357 -357 357 -357 357 -357 357 -357 357 -357 357 -357 357 -357 357 -357 357 -357 357 -357 357 -357 357 -357 357 -357 357 -357 357 -357 357 -357 357 -357 357 -357 357 -357 357 -357 357 -357 357 -357 357 -357 357 -357 357 -357 357 -357 357 -357 357 -357 357 -357 357 -357 357 -357 357 -357 357 -357 357 -357 357 -357 357 -357 357 -357 357 -357 357 -357 357 -357 357 -357 357 -357 357 -357 357 -357 357 -357 357 -357 357 -357 357 -357 357 -357 357 -357 357 -357 357 -357 357 -357 357 -357 357 -357 357 -357 357 -357 357 -357 357 -357 357 -357 357 -357 357 -357 357 -357 357 -357 357 -357 357 -357 357 -357 357 -357 357 -357 357 -357 357 -357 357 -357 357 -357 357 -357 357 -357 357 -357 357 -357 357 -357 357 -357 357 -357 357 -357 357 -357 357 -357 357 -357 357 -357 357 -357 357 -357 357 -357 357 -357 357 -357 357 -357 357 -357 357 -357 357 -357 357 -357 357 -357 357 -357 357 -357
RAW_Data: 7527 -7527
RAW_Data: 357 -357 357 -357 357 -357 357 -357 357 -357 357 -357 357 -357 357 -357 357 -357 357 -357 357 -357 357 -357 357 -357 357 -357 357 -357 357 -357 357 -357 357 -357 357 -357 357 -357 357 -357 357 -357 357 -357 357 -357 357 -357 357 -357 357 -357 357 -357 357 -357 357 -357 357 -357 357 -357 357 -357 357 -357 357 -357 357 -357 357 -357 357 -357 357 -357 357 -357 357 -357 357 -357 357 -357 357 -357 357 -357 357 -357 357 -357 357 -357 357 -357 357 -357 357 -357 357 -357 357 -357 357 -357 357 -357 357 -357 357 -357 357 -357 357 -357 357 -357 357 -357 357 -357 357 -357 357 -357 357 -357 357 -357 357 -357 357 -357 357 -357 357 -357 357 -357 357 -357 357 -357 357 -357 357 -357 357 -357 357 -357 357 -357 357 -357 357 -357 357 -357 357 -357 357 -357 357 -357 357 -357 357 -357 357 -357 357 -357 357 -357 357 -357 357 -357 357 -357 357 -357 357 -357 357 -357 357 -357 357 -357 357 -357 357 -357 357 -357 357 -357 357 -357 357 -357 357 -357 357 -357 357 -357 357 -357 357 -357 357 -357 357 -357 357 -357 357 -357 357 -357 357 -357 357 -357 357 -357 357 -357 357 -357 357 -357 357 -357 357 -357 357 -357 357 -357 357 -357 357 -357 357 -357 357 -357 357 -357 357 -357 357 -357 357 -357 357 -357 357 -357 357 -357 357 -357 357 -357 357 -357 357 -357 357 -357 357 -357 357 -357 357 -357 357 -357 357 -357 357 -357 357 -357 357 -357 357 -357 357 -357 357 -357 357 -357 357 -357 357 -357 357 -357 357 -357 357 -357 357 -357 357 -357 357 -357 357 -357 357 -357 357 -357 357 -357 357 -357 357 -357 357 -357 357 -357 357 -357 357 -357 357 -357 357 -357 357 -357 357 -357 357 -357 357 -357 357 -357 357 -357 357 -357 357 -357 357 -357 357 -357 357 -357 357 -357 357 -357 357 -357 357 -357 357 -357 357 -357 357 -357
RAW_Data: 7527 -7527
RAW_Data: 379 -379 379 -379 379 -379 379 -379 379 -379 379 -379 379 -379 379 -379 379 -379 379 -379 379 -379 379 -379 379 -379 379 -379 379 -379 379 -379 379 -379 379 -379 379 -379 379 -379 379 -379 379 -379 379 -379 379 -379 379 -379 379 -379 379 -379 379 -379 379 -379 379 -379 379 -379 379 -379 379 -379 379 -379 379 -379 379 -379 379 -379 379 -379 379 -379 379 -379 379 -379 379 -379 379 -379 379 -379 379 -379 379 -379 379 -379 379 -379 379 -379 379 -379 379 -379 379 -379 379 -379 379 -379 379 -379 379 -379 379 -379 379 -379 379 -379 379 -379 379 -379 379 -379 379 -379 379 -379 379 -379 379 -379 379 -379 379 -379 379 -379 379 -379 379 -379 379 -379 379 -379 379 -379 379 -379 379 -379 379 -379 379 -379 379 -379 379 -379 379 -379 379 -379 379 -379 379 -379 379 -379 379 -379 379 -379 379 -379 379 -379 379 -379 379 -379 379 -379 379 -379 379 -379 379 -379 379 -379 379 -379 379 -379 379 -379 379 -379 379 -379 379 -379 379 -379 379 -379 379 -379 379 -379 379 -379 379 -379 379 -379 379 -379 379 -379 379 -379 379 -379 379 -379 379 -379 379 -379 379 -379 379 -379 379 -379 379 -379 379 -379 379 -379 379 -379 379 -379 379 -379 379 -379 379 -379 379 -379 379 -379 379 -379 379 -379 379 -379 379 -379 379 -379 379 -379 379 -379 379 -379 379 -379 379 -379 379 -379 379 -379 379 -379 379 -379 379 -379 379 -379 379 -379 379 -379 379 -379 379 -379 379 -379 379 -379 379 -379 379 -379 379 -379 379 -379 379 -379 379 -379 379 -379 379 -379 379 -379 379 -379 379 -379 379 -379 379 -379 379 -379 379 -379 379 -379 379 -379 379 -379 379 -379 379 -379 379 -379 379 -379 379 -379 379 -379 379 -379 379 -379 379 -379
RAW_Data: 7538 -7538
RAW_Data: 379 -379 379 -379 379 -379 379 -379 379 -379 379 -379 379 -379 379 -379 379 -379 379 -379 379 -379 379 -379 379 -379 379 -379 379 -379 379 -379 379 -379 379 -379 379 -379 379 -379 379 -379 379 -379 379 -379 379 -379 379 -379 379 -379 379 -379 379 -379 379 -379 379 -379 379 -379 379 -379 379 -379 379 -379 379 -379 379 -379 379 -379 379 -379 379 -379 379 -379 379 -379 379 -379 379 -379 379 -379 379 -379 379 -379 379 -379 379 -379 379 -379 379 -379 379 -379 379 -379 379 -379 379 -379 379 -379 379 -379 379 -379 379 -379 379 -379 379 -379 379 -379 379 -379 379 -379 379 -379 379 -379 379 -379 379 -379 379 -379 379 -379 379 -379 379 -379 379 -379 379 -379 379 -379 379 -379 379 -379 379 -379 379 -379 379 -379 379 -379 379 -379 379 -379 379 -379 379 -379 379 -379 379 -379 379 -379 379 -379 379 -379 379 -379 379 -379 379 -379 379 -379 379 -379 379 -379 379 -379 379 -379 379 -379 379 -379 379 -379 379 -379 379 -379 379 -379 379 -379 379 -379 379 -379 379 -379 379 -379 379 -379 379 -379 379 -379 379 -379 379 -379 379 -379 379 -379 379 -379 379 -379 379 -379 379 -379 379 -379 379 -379 379 -379 379 -379 379 -379 379 -379 379 -379 379 -379 379 -379 379 -379 379 -379 379 -379 379 -379 379 -379 379 -379 379 -379 379 -379 379 -379 379 -379 379 -379 379 -379 379 -379 379 -379 379 -379 379 -379 379 -379 379 -379 379 -379 379 -379 379 -379 379 -379 379 -379 379 -379 379 -379 379 -379 379 -379 379 -379 379 -379 379 -379 379 -379 379 -379 379 -379 379 -379 379 -379 379 -379 379 -379 379 -379 379 -379 379 -379 379 -379 379 -379 379 -379 379 -379 379 -379 379 -379 379 -379 379 -379 379 -379 379 -379
RAW_Data: 7538 -7538
RAW_Data: 401 -401 401 -401 401 -401 401 -401 401 -401 401 -401 401 -401 401 -401 401 -401 401 -401 401 -401 401 -401 401 -401 401 -401 401 -401 401 -401 401 -401 401 -401 401 -401 401 -401 401 -401 401 -401 401 -401 401 -401 401 -401 401 -401 401 -401 401 -401 401 -401 401 -401 401 -401 401 -401 401 -401 401 -401 401 -401 401 -401 401 -401 401 -401 401 -401 401 -401 401 -401 401 -401 401 -401 401 -401 401 -401 401 -401 401 -401 401 -401 401 -401 401 -401 401 -401 401 -401 401 -401 401 -401 401 -401 401 -401 401 -401 401 -401 401 -401 401 -401 401 -401 401 -401 401 -401 401 -401 401 -401 401 -401 401 -401 401 -401 401 -401 401 -401 401 -401 401 -401 401 -401 401 -401 401 -401 401 -401 401 -401 401 -401 401 -401 401 -401 401 -401 401 -401 401 -401 401 -401 401 -401 401 -401 401 -401 401 -401 401 -401 401 -401 401 -401 401 -401 401 -401 401 -401 401 -401 401 -401 401 -401 401 -401 401 -401 401 -401 401 -401 401 -401 401 -401 401 -401 401 -401 401 -401 401 -401 401 -401 401 -401 401 -401 401 -401 401 -401 401 -401 401 -401 401 -401 401 -401 401 -401 401 -401 401 -401 401 -401 401 -401 401 -401 401 -401 401 -401 401 -401 401 -401 401 -401 401 -401 401 -401 401 -401 401 -401 401 -401 401 -401 401 -401 401 -401 401 -401 401 -401 401 -401 401 -401 401 -401 401 -401 401 -401 401 -401 401 -401 401 -401 401 -401 401 -401 401 -401 401 -401 401 -401 401 -401 401 -401 401 -401 401 -401 401 -401 401 -401 401 -401 401 -401 401 -401 401 -401 401 -401 401 -401 401 -401 401 -401 401 -401 401 -401 401 -401 401 -401
RAW_Data: 7632 -7632
RAW_Data: 401 -401 401 -401 401 -401 401 -401 401 -401 401 -401 401 -401 401 -401 401 -401 401 -401 401 -401 401 -401 401 -401 401 -401 401 -401 401 -401 401 -401 401 -401 401 -401 401 -401 401 -401 401 -401 401 -401 401 -401 401 -401 401 -401 401 -401 401 -401 401 -401 401 -401 401 -401 401 -401 401 -401 401 -401 401 -401 401 -401 401 -401 401 -401 401 -401 401 -401 401 -401 401 -401 401 -401 401 -401 401 -401 401 -401 401 -401 401 -401 401 -401 401 -401 401 -401 401 -401 401 -401 401 -401 401 -401 401 -401 401 -401 401 -401 401 -401 401 -401 401 -401 401 -401 401 -401 401 -401 401 -401 401 -401 401 -401 401 -401 401 -401 401 -401 401 -401 401 -401 401 -401 401 -401 401 -401 401 -401 401 -401 401 -401 401 -401 401 -401 401 -401 401 -401 401 -401 401 -401 401 -401 401 -401 401 -401 401 -401 401 -401 401 -401 401 -401 401 -401 401 -401 401 -401 401 -401 401 -401 401 -401 401 -401 401 -401 401 -401 401 -401 401 -401 401 -401 401 -401 401 -401 401 -401 401 -401 401 -401 401 -401 401 -401 401 -401 401 -401 401 -401 401 -401 401 -401 401 -401 401 -401 401 -401 401 -401 401 -401 401 -401 401 -401 401 -401 401 -401 401 -401 401 -401 401 -401 401 -401 401 -401 401 -401 401 -401 401 -401 401 -401 401 -401 401 -401 401 -401 401 -401 401 -401 401 -401 401 -401 401 -401 401 -401 401 -401 401 -401 401 -401 401 -401 401 -401 401 -401 401 -401 401 -401 401 -401 401 -401 401 -401 401 -401 401 -401 401 -401 401 -401 401 -401 401 -401 401 -401 401 -401 401 -401 401 -401 401 -401 401 -401 401 -401 401 -401 401 -401
RAW_Data: 7632 -7632
RAW_Data: 379 -379 379 -379 379 -379 379 -379 379 -379 379 -379 379 -379 379 -379 379 -379 379 -379 379 -379 379 -379 379 -379 379 -379 379 -379 379 -379 379 -379 379 -379 379 -379 379 -379 379 -379 379 -379 379 -379 379 -379 379 -379 379 -379 379 -379 379 -379 379 -379 379 -379 379 -379 379 -379 379 -379 379 -379 379 -379 379 -379 379 -379 379 -379 379 -379 379 -379 379 -379 379 -379 379 -379 379 -379 379 -379 379 -379 379 -379 379 -379 379 -379 379 -379 379 -379 379 -379 379 -379 379 -379 379 -379 379 -379 379 -379 379 -379 379 -379 379 -379 379 -379 379 -379 379 -379 379 -379 379 -379 379 -379 379 -379 379 -379 379 -379 379 -379 379 -379 379 -379 379 -379 379 -379 379 -379 379 -379 379 -379 379 -379 379 -379 379 -379 379 -379 379 -379 379 -379 379 -379 379 -379 379 -379 379 -379 379 -379 379 -379 379 -379 379 -379 379 -379 379 -379 379 -379 379 -379 379 -379 379 -379 379 -379 379 -379 379 -379 379 -379 379 -379 379 -379 379 -379 379 -379 379 -379 379 -379 379 -379 379 -379 379 -379 379 -379 379 -379 379 -379 379 -379 379 -379 379 -379 379 -379 379 -379 379 -379 379 -379 379 -379 379 -379 379 -379 379 -379 379 -379 379 -379 379 -379 379 -379 379 -379 379 -379 379 -379 379 -379 379 -379 379 -379 379 -379 379 -379 379 -379 379 -379 379 -379 379 -379 379 -379 379 -379 379 -379 379 -379 379 -379 379 -379 379 -379 379 -379 379 -379 379 -379 379 -379 379 -379 379 -379 379 -379 379 -379 379 -379 379 -379 379 -379 379 -379 379 -379 379 -379 379 -379 379 -379 379 -379 379 -379 379 -379 379 -379 379 -379 379 -379 379 -379 379 -379 379 -379 379 -379 379 -379 379 -379 379 -379 379 -379 379 -379
RAW_Data: 7538 -7538
RAW_Data: 379 -379 379 -379 379 -379 379 -379 379 -379 379 -379 379 -379 379 -379 379 -379 379 -379 379 -379 379 -379 379 -379 379 -379 379 -379 379 -379 379 -379 379 -379 379 -379 379 -379 379 -379 379 -379 379 -379 379 -379 379 -379 379 -379 379 -379 379 -379 379 -379 379 -379 379 -379 379 -379 379 -379 379 -379 379 -379 379 -379 379 -379 379 -379 379 -379 379 -379 379 -379 379 -379 379 -379 379 -379 379 -379 379 -379 379 -379 379 -379 379 -379 379 -379 379 -379 379 -379 379 -379 379 -379 379 -379 379 -379 379 -379 379 -379 379 -379 379 -379 379 -379 379 -379 379 -379 379 -379 379 -379 379 -379 379 -379 379 -379 379 -379 379 -379 379 -379 379 -379 379 -379 379 -379 379 -379 379 -379 379 -379 379 -379 379 -379 379 -379 379 -379 379 -379 379 -379 379 -379 379 -379 379 -379 379 -379 379 -379 379 -379 379 -379 379 -379 379 -379 379 -379 379 -379 379 -379 379 -379 379 -379 379 -379 379 -379 379 -379 379 -379 379 -379 379 -379 379 -379 379 -379 379 -379 379 -379 379 -379 379 -379 379 -379 379 -379 379 -379 379 -379 379 -379 379 -379 379 -379 379 -379 379 -379 379 -379 379 -379 379 -379 379 -379 379 -379 379 -379 379 -379 379 -379 379 -379 379 -379 379 -379 379 -379 379 -379 379 -379 379 -379 379 -379 379 -379 379 -379 379 -379 379 -379 379 -379 379 -379 379 -379 379 -379 379 -379 379 -379 379 -379 379 -379 379 -379 379 -379 379 -379 379 -379 379 -379 379 -379 379 -379 379 -379 379 -379 379 -379 379 -379 379 -379 379 -379 379 -379 379 -379 379 -379 379 -379 379 -379 379 -379 379 -379 379 -379 379 -379 379 -379 379 -379 379 -379 379 -379 379 -379 379 -379 379 -379 379 -379 379 -379 379 -379
RAW_Data: 7538 -7538
RAW_Data: 357 -357 357 -357 357 -357 357 -357 357 -357 357 -357 357 -357 357 -357 357 -357 357 -357 357 -357 357 -357 357 -357 357 -357 357 -357 357 -357 357 -357 357 -357 357 -357 357 -357 357 -357 357 -357 357 -357 357 -357 357 -357 357 -357 357 -357 357 -357 357 -357 357 -357 357 -357 357 -357 357 -357 357 -357 357 -357 357 -357 357 -357 357 -357 357 -357 357 -357 357 -357 357 -357 357 -357 357 -357 357 -357 357 -357 357 -357 357 -357 357 -357 357 -357 357 -357 357 -357 357 -357 357 -357 357 -357 357 -357 357 -357 357 -357 357 -357 357 -357 357 -357 357 -357 357 -357 357 -357 357 -357 357 -357 357 -357 357 -357 357 -357 357 -357 357 -357 357 -357 357 -357 357 -357 357 -357 357 -357 357 -357 357 -357 357 -357 357 -357 357 -357 357 -357 357 -357 357 -357 357 -357 357 -357 357 -357 357 -357 357 -357 357 -357 357 -357 357 -357 357 -357 357 -357 357 -357 357 -357 357 -357 357 -357 357 -357 357 -357 357 -357 357 -357 357 -357 357 -357 357 -357 357 -357 357 -357 357 -357 357 -357 357 -357 357 -357 357 -357 357 -357 357 -357 357 -357 357 -357 357 -357 357 -357 357 -357 357 -357 357 -357 357 -357 357 -357 357 -357 357 -357 357 -357 357 -357 357 -357 357 -357 357 -357 357 -357 357 -357 357 -357 357 -357 357 -357 357 -357 357 -357 357 -357 357 -357 357 -357 357 -357 357 -357 357 -357 357 -357 357 -357 357 -357 357 -357 357 -357 357 -357 357 -357 357 -357 357 -357 357 -357 357 -357 357 -357 357 -357 357 -357 357 -357 357 -357 357 -357 357 -357 357 -357 357 -357 357 -357 357 -357 357 -357 357 -357 357 -357 357 -357 357 -357 357 -357 357 -357 357 -357 357 -357 357 -357 357 -357 357 -357 357 -357 357 -357 357 -357 357 -357 357 -357 357 -357 357 -357 357 -357 357 -357 357 -357 357 -357 357 -357
RAW_Data: 7527 -7527
RAW_Data: 357 -357 357 -357 357 -357 357 -357 357 -357 357 -357 357 -357 357 -357 357 -357 357 -357 357 -357 357 -357 357 -357 357 -357 357 -357 357 -357 357 -357 357 -357 357 -357 357 -357 357 -357 357 -357 357 -357 357 -357 357 -357 357 -357 357 -357 357 -357 357 -357 357 -357 357 -357 357 -357 357 -357 357 -357 357 -357 357 -357 357 -357 357 -357 357 -357 357 -357 357 -357 357 -357 357 -357 357 -357 357 -357 357 -357 357 -357 357 -357 357 -357 357 -357 357 -357 357 -357 357 -357 357 -357 357 -357 357 -357 357 -357 357 -357 357 -357 357 -357 357 -357 357 -357 357 -357 357 -357 357 -357 357 -357 357 -357 357 -357 357 -357 357 -357 357 -357 357 -357 357 -357 357 -357 357 -357 357 -357 357 -357 357 -357 357 -357 357 -357 357 -357 357 -357 357 -357 357 -357 357 -357 357 -357 357 -357 357 -357 357 -357 357 -357 357 -357 357 -357 357 -357 357 -357 357 -357 357 -357 357 -357 357 -357 357 -357 357 -357 357 -357 357 -357 357 -357 357 -357 357 -357 357 -357 357 -357 357 -357 357 -357 357 -357 357 -357 357 -357 357 -357 357 -357 357 -357 357 -357 357 -357 357 -357 357 -357 357 -357 357 -357 357 -357 357 -357 357 -357 357 -357 357 -357 357 -357 357 -357 357 -357 357 -357 357 -357 357 -357 357 -357 357 -357 357 -357 357 -357 357 -357 357 -357 357 -357 357 -357 357 -357 357 -357 357 -357 357 -357 357 -357 357 -357 357 -357 357 -357 357 -357 357 -357 357 -357 357 -357 357 -357 357 -357 357 -357 357 -357 357 -357 357 -357 357 -357 357 -357 357 -357 357 -357 357 -357 357 -357 357 -357 357 -357 357 -357 357 -357 357 -357 357 -357 357 -357 357 -357 357 -357 357 -357 357 -357 357 -357 357 -357 357 -357 357 -357 357 -357 357 -357 357 -357 357 -357 357 -357 357 -357 357 -357 357 -357 357 -357 357 -357
RAW_Data: 7527 -7527
RAW_Data: 379 -379 379 -379 379 -379 379 -379 379 -379 379 -379 379 -379 379 -379 379 -379 379 -379 379 -379 379 -379 379 -379 379 -379 379 -379 379 -379 379 -379 379 -379 379 -379 379 -379 379 -379 379 -379 379 -379 379 -379 379 -379 379 -379 379 -379 379 -379 379 -379 379 -379 379 -379 379 -379 379 -379 379 -379 379 -379 379 -379 379 -379 379 -379 379 -379 379 -379 379 -379 379 -379 379 -379 379 -379 379 -379 379 -379 379 -379 379 -379 379 -379 379 -379 379 -379 379 -379 379 -379 379 -379 379 -379 379 -379 379 -379 379 -379 379 -379 379 -379 379 -379 379 -379 379 -379 379 -379 379 -379 379 -379 379 -379 379 -379 379 -379 379 -379 379 -379 379 -379 379 -379 379 -379 379 -379 379 -379 379 -379 379 -379 379 -379 379 -379 379 -379 379 -379 379 -379 379 -379 379 -379 379 -379 379 -379 379 -379 379 -379 379 -379 379 -379 379 -379 379 -379 379 -379 379 -379 379 -379 379 -379 379 -379 379 -379 379 -379 379 -379 379 -379 379 -379 379 -379 379 -379 379 -379 379 -379 379 -379 379 -379 379 -379 379 -379 379 -379 379 -379 379 -379 379 -379 379 -379 379 -379 379 -379 379 -379 379 -379 379 -379 379 -379 379 -379 379 -379 379 -379 379 -379 379 -379 379 -379 379 -379 379 -379 379 -379 379 -379 379 -379 379 -379 379 -379 379 -379 379 -379 379 -379 379 -379 379 -379 379 -379 379 -379 379 -379 379 -379 379 -379 379 -379 379 -379 379 -379 379 -379 379 -379 379 -379 379 -379 379 -379 379 -379 379 -379 379 -379 379 -379 379 -379 379 -379 379 -379 379 -379 379 -379 379 -379 379 -379 379 -379 379 -379 379 -379 379 -379 379 -379 379 -379 379 -379 379 -379 379 -379 379 -379 379 -379 379 -379 379 -379 379 -379
RAW_Data: 7538 -7538
RAW_Data: 379 -379 379 -379 379 -379 379 -379 379 -379 379 -379 379 -379 379 -379 379 -379 379 -379 379 -379 379 -379 379 -379 379 -379 379 -379 379 -379 379 -379 379 -379 379 -379 379 -379 379 -379 379 -379 379 -379 379 -379 379 -379 379 -379 379 -379 379 -379 379 -379 379 -379 379 -379 379 -379 379 -379 379 -379 379 -379 379 -379 379 -379 379 -379 379 -379 379 -379 379 -379 379 -379 379 -379 379 -379 379 -379 379 -379 379 -379 379 -379 379 -379 379 -379 379 -379 379 -379 379 -379 379 -379 379 -379 379 -379 379 -379 379 -379 379 -379 379 -379 379 -379 379 -379 379 -379 379 -379 379 -379 379 -379 379 -379 379 -379 379 -379 379 -379 379 -379 379 -379 379 -379 379 -379 379 -379 379 -379 379 -379 379 -379 379 -379 379 -379 379 -379 379 -379 379 -379 379 -379 379 -379 379 -379 379 -379 379 -379 379 -379 379 -379 379 -379 379 -379 379 -379 379 -379 379 -379 379 -379 379 -379 379 -379 379 -379 379 -379 379 -379 379 -379 379 -379 379 -379 379 -379 379 -379 379 -379 379 -379 379 -379 379 -379 379 -379 379 -379 379 -379 379 -379 379 -379 379 -379 379 -379 379 -379 379 -379 379 -379 379 -379 379 -379 379 -379 379 -379 379 -379 379 -379 379 -379 379 -379 379 -379 379 -379 379 -379 379 -379 379 -379 379 -379 379 -379 379 -379 379 -379 379 -379 379 -379 379 -379 379 -379 379 -379 379 -379 379 -379 379 -379 379 -379 379 -379 379 -379 379 -379 379 -379 379 -379 379 -379 379 -379 379 -379 379 -379 379 -379 379 -379 379 -379 379 -379 379 -379 379 -379 379 -379 379 -379 379 -379 379 -379 379 -379 379 -379 379 -379 379 -379 379 -379 379 -379 379 -379 379 -379 379 -379 379 -379 379 -379 379 -379 379 -379
RAW_Data: 7538 -7538
RAW_Data: 401 -401 401 -401 401 -401 401 -401 401 -401 401 -401 401 -401 401 -401 401 -401 401 -401 401 -401 401 -401 401 -401 401 -401 401 -401 401 -401 401 -401 401 -401 401 -401 401 -401 401 -401 401 -401 401 -401 401 -401 401 -401 401 -401 401 -401 401 -401 401 -401 401 -401 401 -401 401 -401 401 -401 401 -401 401 -401 401 -401 401 -401 401 -401 401 -401 401 -401 401 -401 401 -401 401 -401 401 -401 401 -401 401 -401 401 -401 401 -401 401 -401 401 -401 401 -401 401 -401 401 -401 401 -401 401 -401 401 -401 401 -401 401 -401 401 -401 401 -401 401 -401 401 -401 401 -401 401 -401 401 -401 401 -401 401 -401 401 -401 401 -401 401 -401 401 -401 401 -401 401 -401 401 -401 401 -401 401 -401 401 -401 401 -401 401 -401 401 -401 401 -401 401 -401 401 -401 401 -401 401 -401 401 -401 401 -401 401 -401 401 -401 401 -401 401 -401 401 -401 401 -401 401 -401 401 -401 401 -401 401 -401 401 -401 401 -401 401 -401 401 -401 401 -401 401 -401 401 -401 401 -401 401 -401 401 -401 401 -401 401 -401 401 -401 401 -401 401 -401 401 -401 401 -401 401 -401 401 -401 401 -401 401 -401 401 -401 401 -401 401 -401 401 -401 401 -401 401 -401 401 -401 401 -401 401 -401 401 -401 401 -401 401 -401 401 -401 401 -401 401 -401 401 -401 401 -401 401 -401 401 -401 401 -401 401 -401 401 -401 401 -401 401 -401 401 -401 401 -401 401 -401 401 -401 401 -401 401 -401 401 -401 401 -401 401 -401 401 -401 401 -401 401 -401 401 -401 401 -401 401 -401 401 -401 401 -401 401 -401 401 -401 401 -401 401 -401 401 -401 401 -401 401 -401 401 -401 401 -401
RAW_Data: 7632 -7632
RAW_Data: 401 -401 401 -401 401 -401 401 -401 401 -401 401 -401 401 -401 401 -401 401 -401 401 -401 401 -401 401 -401 401 -401 401 -401 401 -401 401 -401 401 -401 401 -401 401 -401 401 -401 401 -401 401 -401 401 -401 401 -401 401 -401 401 -401 401 -401 401 -401 401 -401 401 -401 401 -401 401 -401 401 -401 401 -401 401 -401 401 -401 401 -401 401 -401 401 -401 401 -401 401 -401 401 -401 401 -401 401 -401 401 -401 401 -401 401 -401 401 -401 401 -401 401 -401 401 -401 401 -401 401 -401 401 -401 401 -401 401 -401 401 -401 401 -401 401 -401 401 -401 401 -401 401 -401 401 -401 401 -401 401 -401 401 -401 401 -401 401 -401 401 -401 401 -401 401 -401 401 -401 401 -401 401 -401 401 -401 401 -401 401 -401 401 -401 401 -401 401 -401 401 -401 401 -401 401 -401 401 -401 401 -401 401 -401 401 -401 401 -401 401 -401 401 -401 401 -401 401 -401 401 -401 401 -401 401 -401 401 -401 401 -401 401 -401 401 -401 401 -401 401 -401 401 -401 401 -401 401 -401 401 -401 401 -401 401 -401 401 -401 401 -401 401 -401 401 -401 401 -401 401 -401 401 -401 401 -401 401 -401 401 -401 401 -401 401 -401 401 -401 401 -401 401 -401 401 -401 401 -401 401 -401 401 -401 401 -401 401 -401 401 -401 401 -401 401 -401 401 -401 401 -401 401 -401 401 -401 401 -401 401 -401 401 -401 401 -401 401 -401 401 -401 401 -401 401 -401 401 -401 401 -401 401 -401 401 -401 401 -401 401 -401 401 -401 401 -401 401 -401 401 -401 401 -401 401 -401 401 -401 401 -401 401 -401 401 -401 401 -401 401 -401 401 -401 401 -401 401 -401 401 -401 401 -401 401 -401 401 -401
RAW_Data: 7632 -7632
RAW_Data: 379 -379 379 -379 379 -379 379 -379 379 -379 379 -379 379 -379 379 -379 379 -379 379 -379 379 -379 379 -379 379 -379 379 -379 379 -379 379 -379 379 -379 379 -379 379 -379 379 -379 379 -379 379 -379 379 -379 379 -379 379 -379 379 -379 379 -379 379 -379 379 -379 379 -379 379 -379 379 -379 379 -379 379 -379 379 -379 379 -379 379 -379 379 -379 379 -379 379 -379 379 -379 379 -379 379 -379 379 -379 379 -379 379 -379 379 -379 379 -379 379 -379 379 -379 379 -379 379 -379 379 -379 379 -379 379 -379 379 -379 379 -379 379 -379 379 -379 379 -379 379 -379 379 -379 379 -379 379 -379 379 -379 379 -379 379 -379 379 -379 379 -379 379 -379 379 -379 379 -379 379 -379 379 -379 379 -379 379 -379 379 -379 379 -379 379 -379 379 -379 379 -379 379 -379 379 -379 379 -379 379 -379 379 -379 379 -379 379 -379 379 -379 379 -379 379 -379 379 -379 379 -379 379 -379 379 -379 379 -379 379 -379 379 -379 379 -379 379 -379 379 -379 379 -379 379 -379 379 -379 379 -379 379 -379 379 -379 379 -379 379 -379 379 -379 379 -379 379 -379 379 -379 379 -379 379 -379 379 -379 379 -379 379 -379 379 -379 379 -379 379 -379 379 -379 379 -379 379 -379 379 -379 379 -379 379 -379 379 -379 379 -379 379 -379 379 -379 379 -379 379 -379 379 -379 379 -379 379 -379 379 -379 379 -379 379 -379 379 -379 379 -379 379 -379 379 -379 379 -379 379 -379 379 -379 379 -379 379 -379 379 -379 379 -379 379 -379 379 -379 379 -379 379 -379 379 -379 379 -379 379 -379 379 -379 379 -379 379 -379 379 -379 379 -379 379 -379 379 -379 379 -379 379 -379 379 -379 379 -379 379 -379 379 -379 379 -379 379 -379 379 -379 379 -379 379 -379 379 -379 379 -379 379 -379
RAW_Data: 7538 -7538
RAW_Data: 379 -379 379 -379 379 -379 379 -379 379 -379 379 -379 379 -379 379 -379 379 -379 379 -379 379 -379 379 -379 379 -379 379 -379 379 -379 379 -379 379 -379 379 -379 379 -379 379 -379 379 -379 379 -379 379 -379 379 -379 379 -379 379 -379 379 -379 379 -379 379 -379 379 -379 379 -379 379 -379 379 -379 379 -379 379 -379 379 -379 379 -379 379 -379 379 -379 379 -379 379 -379 379 -379 379 -379 379 -379 379 -379 379 -379 379 -379 379 -379 379 -379 379 -379 379 -379 379 -379 379 -379 379 -379 379 -379 379 -379 379 -379 379 -379 379 -379 379 -379 379 -379 379 -379 379 -379 379 -379 379 -379 379 -379 379 -379 379 -379 379 -379 379 -379 379 -379 379 -379 379 -379 379 -379 379 -379 379 -379 379 -379 379 -379 379 -379 379 -379 379 -379 379 -379 379 -379 379 -379 379 -379 379 -379 379 -379 379 -379 379 -379 379 -379 379 -379 379 -379 379 -379 379 -379 379 -379 379 -379 379 -379 379 -379 379 -379 379 -379 379 -379 379 -379 379 -379 379 -379 379 -379 379 -379 379 -379 379 -379 379 -379 379 -379 379 -379 379 -379 379 -379 379 -379 379 -379 379 -379 379 -379 379 -379 379 -379 379 -379 379 -379 379 -379 379 -379 379 -379 379 -379 379 -379 379 -379 379 -379 379 -379 379 -379 379 -379 379 -379 379 -379 379 -379 379 -379 379 -379 379 -379 379 -379 379 -379 379 -379 379 -379 379 -379 379 -379 379 -379 379 -379 379 -379 379 -379 379 -379 379 -379 379 -379 379 -379 379 -379 379 -379 379 -379 379 -379 379 -379 379 -379 379 -379 379 -379 379 -379 379 -379 379 -379 379 -379 379 -379 379 -379 379 -379 379 -379 379 -379 379 -379 379 -379 379 -379 379 -379 379 -379 379 -379 379 -379 379 -379 379 -379 379 -379
RAW_Data: 7538 -7538
RAW_Data: 357 -357 357 -357 357 -357 357 -357 357 -357 357 -357 357 -357 357 -357 357 -357 357 -357 357 -357 357 -357 357 -357 357 -357 357 -357 357 -357 357 -357 357 -357 357 -357 357 -357 357 -357 357 -357 357 -357 357 -357 357 -357 357 -357 357 -357 357 -357 357 -357 357 -357 357 -357 357 -357 357 -357 357 -357 357 -357 357 -357 357 -357 357 -357 357 -357 357 -357 357 -357 357 -357 357 -357 357 -357 357 -357 357 -357 357 -357 357 -357 357 -357 357 -357 357 -357 357 -357 357 -357 357 -357 357 -357 357 -357 357 -357 357 -357 357 -357 357 -357 357 -357 357 -357 357 -357 357 -357 357 -357 357 -357 357 -357 357 -357 357 -357 357 -357 357 -357 357 -357 357 -357 357 -357 357 -357 357 -357 357 -357 357 -357 357 -357 357 -357 357 -357 357 -357 357 -357 357 -357 357 -357 357 -357 357 -357 357 -357 357 -357 357 -357 357 -357 357 -357 357 -357 357 -357 357 -357 357 -357 357 -357 357 -357 357 -357 357 -357 357 -357 357 -357 357 -357 357 -357 357 -357 357 -357 357 -357 357 -357 357 -357 357 -357 357 -357 357 -357 357 -357 357 -357 357 -357 357 -357 357 -357 357 -357 357 -357 357 -357 357 -357 357 -357 357 -357 357 -357 357 -357 357 -357 357 -357 357 -357 357 -357 357 -357 357 -357 357 -357 357 -357 357 -357 357 -357 357 -357 357 -357 357 -357 357 -357 357 -357 357 -357 357 -357 357 -357 357 -357 357 -357 357 -357 357 -357 357 -357 357 -357 357 -357 357 -357 357 -357 357 -357 357 -357 357 -357 357 -357 357 -357 357 -357 357 -357 357 -357 357 -357 357 -357 357 -357 357 -357 357 -357 357 -357 357 -357 357 -357 357 -357 357 -357 357 -357 357 -357 357 -357 357 -357 357 -357 357 -357 357 -357 357 -357 357 -357 357 -357 357 -357 357 -357 357 -357 357 -357 357 -357 357 -357 357 -357 357 -357 357 -357
RAW_Data: 7527 -7527
RAW_Data: 357 -357 357 -357 357 -357 357 -357 357 -357 357 -357 357 -357 357 -357 357 -357 357 -357 357 -357 357 -357 357 -357 357 -357 357 -357 357 -357 357 -357 357 -357 357 -357 357 -357 357 -357 357 -357 357 -357 357 -357 357 -357 357 -357 357 -357 357 -357 357 -357 357 -357 357 -357 357 -357 357 -357 357 -357 357 -357 357 -357 357 -357 357 -357 357 -357 357 -357 357 -357 357 -357 357 -357 357 -357 357 -357 357 -357 357 -357 357 -357 357 -357 357 -357 357 -357 357 -357 357 -357 357 -357 357 -357 357 -357 357 -357 357 -357 357 -357 357 -357 357 -357 357 -357 357 -357 357 -357 357 -357 357 -357 357 -357 357 -357 357 -357 357 -357 357 -357 357 -357 357 -357 357 -357 357 -357 357 -357 357 -357 357 -357 357 -357 357 -357 357 -357 357 -357 357 -357 357 -357 357 -357 357 -357 357 -357 357 -357 357 -357 357 -357 357 -357 357 -357 357 -357 357 -357 357 -357 357 -357 357 -357 357 -357 357 -357 357 -357 357 -357 357 -357 357 -357 357 -357 357 -357 357 -357 357 -357 357 -357 357 -357 357 -357 357 -357 357 -357 357 -357 357 -357 357 -357 357 -357 357 -357 357 -357 357 -357 357 -357 357 -357 357 -357 357 -357 357 -357 357 -357 357 -357 357 -357 357 -357 357 -357 357 -357 357 -357 357 -357 357 -357 357 -357 357 -357 357 -357 357 -357 357 -357 357 -357 357 -357 357 -357 357 -357 357 -357 357 -357 357 -357 357 -357 357 -357 357 -357 357 -357 357 -357 357 -357 357 -357 357 -357 357 -357 357 -357 357 -357 357 -357 357 -357 357 -357 357 -357 357 -357 357 -357 357 -357 357 -357 357 -357 357 -357 357 -357 357 -357 357 -357 357 -357 357 -357 357 -357 357 -357 357 -357 357 -357 357 -357 357 -357 357 -357 357 -357 357 -357 357 -357 357 -357 357 -357 357 -357 357 -357 357 -357 357 -357 357 -357 357 -357
RAW_Data: 7527 -7527
RAW_Data: 379 -379 379 -379 379 -379 379 -379 379 -379 379 -379 379 -379 379 -379 379 -379 379 -379 379 -379 379 -379 379 -379 379 -379 379 -379 379 -379 379 -379 379 -379 379 -379 379 -379 379 -379 379 -379 379 -379 379 -379 379 -379 379 -379 379 -379 379 -379 379 -379 379 -379 379 -379 379 -379 379 -379 379 -379 379 -379 379 -379 379 -379 379 -379 379 -379 379 -379 379 -379 379 -379 379 -379 379 -379 379 -379 379 -379 379 -379 379 -379 379 -379 379 -379 379 -379 379 -379 379 -379 379 -379 379 -379 379 -379 379 -379 379 -379 379 -379 379 -379 379 -379 379 -379 379 -379 379 -379 379 -379 379 -379 379 -379 379 -379 379 -379 379 -379 379 -379 379 -379 379 -379 379 -379 379 -379 379 -379 379 -379 379 -379 379 -379 379 -379 379 -379 379 -379 379 -379 379 -379 379 -379 379 -379 379 -379 379 -379 379 -379 379 -379 379 -379 379 -379 379 -379 379 -379 379 -379 379 -379 379 -379 379 -379 379 -379 379 -379 379 -379 379 -379 379 -379 379 -379 379 -379 379 -379 379 -379 379 -379 379 -379 379 -379 379 -379 379 -379 379 -379 379 -379 379 -379 379 -379 379 -379 379 -379 379 -379 379 -379 379 -379 379 -379 379 -379 379 -379 379 -379 379 -379 379 -379 379 -379 379 -379 379 -379 379 -379 379 -379 379 -379 379 -379 379 -379 379 -379 379 -379 379 -379 379 -379 379 -379 379 -379 379 -379 379 -379 379 -379 379 -379 379 -379 379 -379 379 -379 379 -379 379 -379 379 -379 379 -379 379 -379 379 -379 379 -379 379 -379 379 -379 379 -379 379 -379 379 -379 379 -379 379 -379 379 -379 379 -379 379 -379 379 -379 379 -379 379 -379 379 -379 379 -379 379 -379 379 -379 379 -379 379 -379 379 -379 379 -379 379 -379 379 -379
RAW_Data: 7538 -7538
RAW_Data: 379 -379 379 -379 379 -379 379 -379 379 -379 379 -379 379 -379 379 -379 379 -379 379 -379 379 -379 379 -379 379 -379 379 -379 379 -379 379 -379 379 -379 379 -379 379 -379 379 -379 379 -379 379 -379 379 -379 379 -379 379 -379 379 -379 379 -379 379 -379 379 -379 379 -379 379 -379 379 -379 379 -379 379 -379 379 -379 379 -379 379 -379 379 -379 379 -379 379 -379 379 -379 379 -379 379 -379 379 -379 379 -379 379 -379 379 -379 379 -379 379 -379 379 -379 379 -379 379 -379 379 -379 379 -379 379 -379 379 -379 379 -379 379 -379 379 -379 379 -379 379 -379 379 -379 379 -379 379 -379 379 -379 379 -379 379 -379 379 -379 379 -379 379 -379 379 -379 379 -379 379 -379 379 -379 379 -379 379 -379 379 -379 379 -379 379 -379 379 -379 379 -379 379 -379 379 -379 379 -379 379 -379 379 -379 379 -379 379 -379 379 -379 379 -379 379 -379 379 -379 379 -379 379 -379 379 -379 379 -379 379 -379 379 -379 379 -379 379 -379 379 -379 379 -379 379 -379 379 -379 379 -379 379 -379 379 -379 379 -379 379 -379 379 -379 379 -379 379 -379 379 -379 379 -379 379 -379 379 -379 379 -379 379 -379 379 -379 379 -379 379 -379 379 -379 379 -379 379 -379 379 -379 379 -379 379 -379 379 -379 379 -379 379 -379 379 -379 379 -379 379 -379 379 -379 379 -379 379 -379 379 -379 379 -379 379 -379 379 -379 379 -379 379 -379 379 -379 379 -379 379 -379 379 -379 379 -379 379 -379 379 -379 379 -379 379 -379 379 -379 379 -379 379 -379 379 -379 379 -379 379 -379 379 -379 379 -379 379 -379 379 -379 379 -379 379 -379 379 -379 379 -379 379 -379 379 -379 379 -379 379 -379 379 -379 379 -379 379 -379 379 -379 379 -379 379 -379 379 -379 379 -379 379 -379
RAW_Data: 7538 -7538
RAW_Data: 401 -401 401 -401 401 -401 401 -401 401 -401 401 -401 401 -401 401 -401 401 -401 401 -401 401 -401 401 -401 401 -401 401 -401 401 -401 401 -401 401 -401 401 -401 401 -401 401 -401 401 -401 401 -401 401 -401 401 -401 401 -401 401 -401 401 -401 401 -401 401 -401 401 -401 401 -401 401 -401 401 -401 401 -401 401 -401 401 -401 401 -401 401 -401 401 -401 401 -401 401 -401 401 -401 401 -401 401 -401 401 -401 401 -401 401 -401 401 -401 401 -401 401 -401 401 -401 401 -401 401 -401 401 -401 401 -401 401 -401 401 -401 401 -401 401 -401 401 -401 401 -401 401 -401 401 -401 401 -401 401 -401 401 -401 401 -401 401 -401 401 -401 401 -401 401 -401 401 -401 401 -401 401 -401 401 -401 401 -401 401 -401 401 -401 401 -401 401 -401 401 -401 401 -401 401 -401 401 -401 401 -401 401 -401 401 -401 401 -401 401 -401 401 -401 401 -401 401 -401 401 -401 401 -401 401 -401 401 -401 401 -401 401 -401 401 -401 401 -401 401 -401 401 -401 401 -401 401 -401 401 -401 401 -401 401 -401 401 -401 401 -401 401 -401 401 -401 401 -401 401 -401 401 -401 401 -401 401 -401 401 -401 401 -401 401 -401 401 -401 401 -401 401 -401 401 -401 401 -401 401 -401 401 -401 401 -401 401 -401 401 -401 401 -401 401 -401 401 -401 401 -401 401 -401 401 -401 401 -401 401 -401 401 -401 401 -401 401 -401 401 -401 401 -401 401 -401 401 -401 401 -401 401 -401 401 -401 401 -401 401 -401 401 -401 401 -401 401 -401 401 -401 401 -401 401 -401 401 -401 401 -401 401 -401 401 -401 401 -401 401 -401 401 -401 401 -401 401 -401 401 -401 401 -401 401 -401 401 -401
RAW_Data: 7632 -7632
RAW_Data: 401 -401 401 -401 401 -401 401 -401 401 -401 401 -401 401 -401 401 -401 401 -401 401 -401 401 -401 401 -401 401 -401 401 -401 401 -401 401 -401 401 -401 401 -401 401 -401 401 -401 401 -401 401 -401 401 -401 401 -401 401 -401 401 -401 401 -401 401 -401 401 -401 401 -401 401 -401 401 -401 401 -401 401 -401 401 -401 401 -401 401 -401 401 -401 401 -401 401 -401 401 -401 401 -401 401 -401 401 -401 401 -401 401 -401 401 -401 401 -401 401 -401 401 -401 401 -401 401 -401 401 -401 401 -401 401 -401 401 -401 401 -401 401 -401 401 -401 401 -401 401 -401 401 -401 401 -401 401 -401 401 -401 401 -401 401 -401 401 -401 401 -401 401 -401 401 -401 401 -401 401 -401 401 -401 401 -401 401 -401 401 -401 401 -401 401 -401 401 -401 401 -401 401 -401 401 -401 401 -401 401 -401 401 -401 401 -401 401 -401 401 -401 401 -401 401 -401 401 -401 401 -401 401 -401 401 -401 401 -401 401 -401 401 -401 401 -401 401 -401 401 -401 401 -401 401 -401 401 -401 401 -401 401 -401 401 -401 401 -401 401 -401 401 -401 401 -401 401 -401 401 -401 401 -401 401 -401 401 -401 401 -401 401 -401 401 -401 401 -401 401 -401 401 -401 401 -401 401 -401 401 -401 401 -401 401 -401 401 -401 401 -401 401 -401 401 -401 401 -401 401 -401 401 -401 401 -401 401 -401 401 -401 401 -401 401 -401 401 -401 401 -401 401 -401 401 -401 401 -401 401 -401 401 -401 401 -401 401 -401 401 -401 401 -401 401 -401 401 -401 401 -401 401 -401 401 -401 401 -401 401 -401 401 -401 401 -401 401 -401 401 -401 401 -401 401 -401 401 -401 401 -401 401 -401 401 -401 401 -401
RAW_Data: 7632 -7632
RAW_Data: 379 -379 379 -379 379 -379 379 -379 379 -379 379 -379 379 -379 379 -379 379 -379 379 -379 379 -379 379 -379 379 -379 379 -379 379 -379 379 -379 379 -379 379 -379 379 -379 379 -379 379 -379 379 -379 379 -379 379 -379 379 -379 379 -379 379 -379 379 -379 379 -379 379 -379 379 -379 379 -379 379 -379 379 -379 379 -379 379 -379 379 -379 379 -379 379 -379 379 -379 379 -379 379 -379 379 -379 379 -379 379 -379 379 -379 379 -379 379 -379 379 -379 379 -379 379 -379 379 -379 379 -379 379 -379 379 -379 379 -379 379 -379 379 -379 379 -379 379 -379 379 -379 379 -379 379 -379 379 -379 379 -379 379 -379 379 -379 379 -379 379 -379 379 -379 379 -379 379 -379 379 -379 379 -379 379 -379 379 -379 379 -379 379 -379 379 -379 379 -379 379 -379 379 -379 379 -379 379 -379 379 -379 379 -379 379 -379 379 -379 379 -379 379 -379 379 -379 379 -379 379 -379 379 -379 379 -379 379 -379 379 -379 379 -379 379 -379 379 -379 379 -379 379 -379 379 -379 379 -379 379 -379 379 -379 379 -379 379 -379 379 -379 379 -379 379 -379 379 -379 379 -379 379 -379 379 -379 379 -379 379 -379 379 -379 379 -379 379 -379 379 -379 379 -379 379 -379 379 -379 379 -379 379 -379 379 -379 379 -379 379 -379 379 -379 379 -379 379 -379 379 -379 379 -379 379 -379 379 -379 379 -379 379 -379 379 -379 379 -379 379 -379 379 -379 379 -379 379 -379 379 -379 379 -379 379 -379 379 -379 379 -379 379 -379 379 -379 379 -379 379 -379 379 -379 379 -379 379 -379 379 -379 379 -379 379 -379 379 -379 379 -379 379 -379 379 -379 379 -379 379 -379 379 -379 379 -379 379 -379 379 -379 379 -379 379 -379 379 -379 379 -379 379 -379 379 -379 379 -379 379 -379 379 -379
RAW_Data: 7538 -7538
RAW_Data: 379 -379 379 -379 379 -379 379 -379 379 -379 379 -379 379 -379 379 -379 379 -379 379 -379 379 -379 379 -379 379 -379 379 -379 379 -379 379 -379 379 -379 379 -379 379 -379 379 -379 379 -379 379 -379 379 -379 379 -379 379 -379 379 -379 379 -379 379 -379 379 -379 379 -379 379 -379 379 -379 379 -379 379 -379 379 -379 379 -379 379 -379 379 -379 379 -379 379 -379 379 -379 379 -379 379 -379 379 -379 379 -379 379 -379 379 -379 379 -379 379 -379 379 -379 379 -379 379 -379 379 -379 379 -379 379 -379 379 -379 379 -379 379 -379 379 -379 379 -379 379 -379 379 -379 379 -379 379 -379 379 -379 379 -379 379 -379 379 -379 379 -379 379 -379 379 -379 379 -379 379 -379 379 -379 379 -379 379 -379 379 -379 379 -379 379 -379 379 -379 379 -379 379 -379 379 -379 379 -379 379 -379 379 -379 379 -379 379 -379 379 -379 379 -379 379 -379 379 -379 379 -379 379 -379 379 -379 379 -379 379 -379 379 -379 379 -379 379 -379 379 -379 379 -379 379 -379 379 -379 379 -379 379 -379 379 -379 379 -379 379 -379 379 -379 379 -379 379 -379 379 -379 379 -379 379 -379 379 -379 379 -379 379 -379 379 -379 379 -379 379 -379 379 -379 379 -379 379 -379 379 -379 379 -379 379 -379 379 -379 379 -379 379 -379 379 -379 379 -379 379 -379 379 -379 379 -379 379 -379 379 -379 379 -379 379 -379 379 -379 379 -379 379 -379 379 -379 379 -379 379 -379 379 -379 379 -379 379 -379 379 -379 379 -379 379 -379 379 -379 379 -379 379 -379 379 -379 379 -379 379 -379 379 -379 379 -379 379 -379 379 -379 379 -379 379 -379 379 -379 379 -379 379 -379 379 -379 379 -379 379 -379 379 -379 379 -379 379 -379 379 -379 379 -379 379 -379 379 -379 379 -379 379 -379
RAW_Data: 7538 -7538
RAW_Data: 300 -300 300 -300 300 -300 300 -300 300 -300 300 -300 300 -300 300 -300 300 -300 300 -300 300 -300 300 -300 300 -300 300 -300 300 -300 300 -300 300 -300 300 -300 300 -300 300 -300 300 -300 300 -300 300 -300 300 -300 300 -300 300 -300 300 -300 300 -300 300 -300 300 -300 300 -300 300 -300 300 -300 300 -300 300 -300 300 -300 300 -300 300 -300 300 -300 300 -300 300 -300 300 -300 300 -300 300 -300 300 -300 300 -300 300 -300 300 -300 300 -300 300 -300 300 -300 300 -300 300 -300 300 -300 300 -300 300 -300 300 -300 300 -300 300 -300 300 -300 300 -300 300 -300 300 -300 300 -300 300 -300 300 -300 300 -300 300 -300 300 -300 300 -300 300 -300 300 -300 300 -300 300 -300 300 -300 300 -300 300 -300 300 -300 300 -300 300 -300 300 -300 300 -300 300 -300 300 -300 300 -300 300 -300 300 -300 300 -300 300 -300 300 -300 300 -300 300 -300 300 -300 300 -300 300 -300 300 -300 300 -300 300 -300 300 -300 300 -300 300 -300 300 -300 300 -300 300 -300 300 -300 300 -300 300 -300 300 -300 300 -300 300 -300 300 -300 300 -300 300 -300 300 -300 300 -300 300 -300 300 -300 300 -300 300 -300 300 -300 300 -300 300 -300 300 -300 300 -300 300 -300 300 -300 300 -300 300 -300 300 -300 300 -300 300 -300 300 -300 300 -300 300 -300 300 -300 300 -300 300 -300 300 -300 300 -300 300 -300 300 -300 300 -300 300 -300 300 -300 300 -300 300 -300 300 -300 300 -300 300 -300 300 -300 300 -300 300 -300 300 -300 300 -300 300 -300 300 -300 300 -300 300 -300 300 -300 300 -300 300 -300 300 -300 300 -300 300 -300 300 -300 300 -300 300 -300 300 -300 300 -300 300 -300 300 -300 300 -300 300 -300 300 -300 300 -300 300 -300 300 -300 300 -300 300 -300 300 -300 300 -300 300 -300 300 -300 300 -300 300 -300 300 -300 300 -300 300 -300 300 -300 300 -300 300 -300 300 -300 300 -300 300 -300 300 -300 300 -300 300 -300 300 -300 300 -300 300 -300 300 -300 300 -300 300 -300 300 -300 300 -300 300 -300 300 -300 300 -300 300 -300 300 -300 300 -300 300 -300 300 -300 300 -300 300 -300 300 -300 300 -300 300 -300 300 -300 300 -300 300 -300 300 -300 300 -300 300 -300 300 -300 300 -300 300 -300 300 -300 300 -300 300 -300 300 -300 300 -300 300 -300 300 -300 300 -300 300 -300 300 -300 300 -300 300 -300 300 -300 300 -300 300 -300 300 -300 300 -300 300 -300 300 -300 300 -300 300 -300 300 -300 300 -300 300 -300 300 -300 300 -300 300 -300 300 -300
RAW_Data: 300 -300 300 -300 300 -300 300 -300 300 -300 300 -300 300 -300 300 -300 300 -300 300 -300 300 -300 300 -300 300 -300 300 -300 300 -300 300 -300 300 -300 300 -300 300 -300 300 -300 300 -300 300 -300 300 -300 300 -300 300 -300 300 -300 300 -300 300 -300 300 -300 300 -300 300 -300 300 -300 300 -300 300 -300 300 -300 300 -300 300 -300 300 -300 300 -300 300 -300 300 -300 300 -300 300 -300 300 -300 300 -300 300 -300 300 -300 300 -300 300 -300 300 -300 300 -300 300 -300 300 -300 300 -300 300 -300 300 -300 300 -300 300 -300 300 -300 300 -300 300 -300 300 -300 300 -300 300 -300 300 -300 300 -300 300 -300 300 -300 300 -300 300 -300 300 -300 300 -300 300 -300 300 -300 300 -300 300 -300 300 -300 300 -300 300 -300 300 -300 300 -300 300 -300 300 -300 300 -300 300 -300 300 -300 300 -300 300 -300 300 -300 300 -300 300 -300 300 -300 300 -300 300 -300 300 -300 300 -300 300 -300 300 -300 300 -300 300 -300 300 -300 300 -300 300 -300 300 -300 300 -300 300 -300 300 -300 300 -300 300 -300 300 -300 300 -300 300 -300 300 -300 300 -300 300 -300 300 -300 300 -300 300 -300 300 -300 300 -300 300 -300 300 -300 300 -300 300 -300 300 -300 300 -300 300 -300 300 -300 300 -300 300 -300 300 -300 300 -300 300 -300 300 -300 300 -300 300 -300 300 -300 300 -300 300 -300 300 -300 300 -300 300 -300 300 -300 300 -300 300 -300 300 -300 300 -300 300 -300 300 -300 300 -300 300 -300 300 -300 300 -300 300 -300 300 -300 300 -300 300 -300 300 -300 300 -300 300 -300 300 -300 300 -300 300 -300 300 -300 300 -300 300 -300 300 -300 300 -300 300 -300 300 -300 300 -300 300 -300 300 -300 300 -300 300 -300 300 -300 300 -300 300 -300 300 -300 300 -300 300 -300 300 -300 300 -300 300 -300 300 -300 300 -300 300 -300 300 -300 300 -300 300 -300 300 -300 300 -300 300 -300 300 -300 300 -300
RAW_Data: 15000 -15000
RAW_Data: 300 -300 300 -300 300 -300 300 -300 300 -300 300 -300 300 -300 300 -300 300 -300 300 -300 300 -300 300 -300 300 -300 300 -300 300 -300 300 -300 300 -300 300 -300 300 -300 300 -300 300 -300 300 -300 300 -300 300 -300 300 -300 300 -300 300 -300 300 -300 300 -300 300 -300 300 -300 300 -300 300 -300 300 -300 300 -300 300 -300 300 -300 300 -300 300 -300 300 -300 300 -300 300 -300 300 -300 300 -300 300 -300 300 -300 300 -300 300 -300 300 -300 300 -300 300 -300 300 -300 300 -300 300 -300 300 -300 300 -300 300 -300 300 -300 300 -300 300 -300 300 -300 300 -300 300 -300 300 -300 300 -300 300 -300 300 -300 300 -300 300 -300 300 -300 300 -300 300 -300 300 -300 300 -300 300 -300 300 -300 300 -300 300 -300 300 -300 300 -300 300 -300 300 -300 300 -300 300 -300 300 -300 300 -300 300 -300 300 -300 300 -300 300 -300 300 -300 300 -300 300 -300 300 -300 300 -300 300 -300 300 -300 300 -300 300 -300 300 -300 300 -300 300 -300 300 -300 300 -300 300 -300 300 -300 300 -300 300 -300 300 -300 300 -300 300 -300 300 -300 300 -300 300 -300 300 -300 300 -300 300 -300 300 -300 300 -300 300 -300 300 -300 300 -300 300 -300 300 -300 300 -300 300 -300 300 -300 300 -300 300 -300 300 -300 300 -300 300 -300 300 -300 300 -300 300 -300 300 -300 300 -300 300 -300 300 -300 300 -300 300 -300 300 -300 300 -300 300 -300 300 -300 300 -300 300 -300 300 -300 300 -300 300 -300 300 -300 300 -300 300 -300 300 -300 300 -300 300 -300 300 -300 300 -300 300 -300 300 -300 300 -300 300 -300 300 -300 300 -300 300 -300 300 -300 300 -300 300 -300 300 -300 300 -300 300 -300 300 -300 300 -300 300 -300 300 -300 300 -300 300 -300 300 -300 300 -300 300 -300 300 -300 300 -300 300 -300 300 -300 300 -300 300 -300 300 -300 300 -300 300 -300 300 -300 300 -300 300 -300 300 -300 300 -300 300 -300 300 -300 300 -300 300 -300 300 -300 300 -300 300 -300 300 -300 300 -300 300 -300 300 -300 300 -300 300 -300 300 -300 300 -300 300 -300 300 -300 300 -300 300 -300 300 -300 300 -300 300 -300 300 -300 300 -300 300 -300 300 -300 300 -300 300 -300 300 -300 300 -300 300 -300 300 -300 300 -300 300 -300 300 -300 300 -300 300 -300 300 -300 300 -300 300 -300 300 -300 300 -300 300 -300 300 -300 300 -300 300 -300 300 -300 300 -300 300 -300 300 -300 300 -300 300 -300 300 -300 300 -300 300 -300 300 -300 300 -300 300 -300 300 -300 300 -300 300 -300
RAW_Data: 300 -300 300 -300 300 -300 300 -300 300 -300 300 -300 300 -300 300 -300 300 -300 300 -300 300 -300 300 -300 300 -300 300 -300 300 -300 300 -300 300 -300 300 -300 300 -300 300 -300 300 -300 300 -300 300 -300 300 -300 300 -300 300 -300 300 -300 300 -300 300 -300 300 -300 300 -300 300 -300 300 -300 300 -300 300 -300 300 -300 300 -300 300 -300 300 -300 300 -300 300 -300 300 -300 300 -300 300 -300 300 -300 300 -300 300 -300 300 -300 300 -300 300 -300 300 -300 300 -300 300 -300 300 -300 300 -300 300 -300 300 -300 300 -300 300 -300 300 -300 300 -300 300 -300 300 -300 300 -300 300 -300 300 -300 300 -300 300 -300 300 -300 300 -300 300 -300 300 -300 300 -300 300 -300 300 -300 300 -300 300 -300 300 -300 300 -300 300 -300 300 -300 300 -300 300 -300 300 -300 300 -300 300 -300 300 -300 300 -300 300 -300 300 -300 300 -300 300 -300 300 -300 300 -300 300 -300 300 -300 300 -300 300 -300 300 -300 300 -300 300 -300 300 -300 300 -300 300 -300 300 -300 300 -300 300 -300 300 -300 300 -300 300 -300 300 -300 300 -300 300 -300 300 -300 300 -300 300 -300 300 -300 300 -300 300 -300 300 -300 300 -300 300 -300 300 -300 300 -300 300 -300 300 -300 300 -300 300 -300 300 -300 300 -300 300 -300 300 -300 300 -300 300 -300 300 -300 300 -300 300 -300 300 -300 300 -300 300 -300 300 -300 300 -300 300 -300 300 -300 300 -300 300 -300 300 -300 300 -300 300 -300 300 -300 300 -300 300 -300 300 -300 300 -300 300 -300 300 -300 300 -300 300 -300 300 -300 300 -300 300 -300 300 -300 300 -300 300 -300 300 -300 300 -300 300 -300 300 -300 300 -300 300 -300 300 -300 300 -300 300 -300 300 -300 300 -300 300 -300 300 -300 300 -300 300 -300 300 -300 300 -300 300 -300 300 -300 300 -300 300 -300 300 -300 300 -300 300 -300 300 -300 300 -300 300 -300 300 -300 300 -300 300 -300 300 -300 300 -300 300 -300 300 -300 300 -300 300 -300 300 -300 300 -300 300 -300 300 -300 300 -300 300 -300 300 -300 300 -300 300 -300 300 -300 300 -300 300 -300 300 -300 300 -300 300 -300 300 -300 300 -300 300 -300 300 -300 300 -300 300 -300 300 -300 300 -300 300 -300 300 -300 300 -300 300 -300 300 -300 300 -300 300 -300 300 -300 300 -300 300 -300 300 -300 300 -300 300 -300 300 -300 300 -300 300 -300 300 -300 300 -300 300 -300 300 -300 300 -300 300 -300 300 -300 300 -300 300 -300 300 -300 300 -300 300 -300 300 -300 300 -300 300 -300 300 -300 300 -300
RAW_Data: 300 -300 300 -300 300 -300 300 -300 300 -300 300 -300 300 -300 300 -300 300 -300 300 -300 300 -300 300 -300 300 -300 300 -300 300 -300 300 -300 300 -300 300 -300 300 -300 300 -300 300 -300 300 -300 300 -300 300 -300 300 -300 300 -300 300 -300 300 -300 300 -300 300 -300 300 -300 300 -300 300 -300 300 -300 300 -300 300 -300 300 -300 300 -300 300 -300 300 -300 300 -300 300 -300 300 -300 300 -300 300 -300 300 -300 300 -300 300 -300 300 -300 300 -300 300 -300 300 -300 300 -300 300 -300 300 -300 300 -300 300 -300 300 -300 300 -300 300 -300 300 -300 300 -300 300 -300 300 -300 300 -300 300 -300 300 -300 300 -300 300 -300 300 -300 300 -300 300 -300 300 -300 300 -300 300 -300 300 -300 300 -300 300 -300 300 -300 300 -300 300 -300 300 -300 300 -300 300 -300 300 -300 300 -300 300 -300 300 -300 300 -300 300 -300 300 -300 300 -300 300 -300 300 -300 300 -300 300 -300 300 -300 300 -300 300 -300 300 -300 300 -300 300 -300 300 -300 300 -300 300 -300 300 -300 300 -300 300 -300 300 -300 300 -300 300 -300 300 -300 300 -300 300 -300 300 -300 300 -300 300 -300 300 -300 300 -300 300 -300 300 -300 300 -300 300 -300 300 -300 300 -300 300 -300 300 -300 300 -300 300 -300 300 -300 300 -300 300 -300 300 -300 300 -300 300 -300 300 -300 300 -300 300 -300 300 -300 300 -300 300 -300 300 -300 300 -300 300 -300 300 -300 300 -300 300 -300 300 -300 300 -300 300 -300 300 -300 300 -300 300 -300 300 -300 300 -300 300 -300 300 -300 300 -300 300 -300 300 -300 300 -300 300 -300 300 -300 300 -300 300 -300 300 -300 300 -300 300 -300 300 -300 300 -300 300 -300 300 -300 300 -300 300 -300 300 -300 300 -300 300 -300 300 -300 300 -300 300 -300 300 -300 300 -300 300 -300 300 -300 300 -300 300 -300 300 -300 300 -300 300 -300 300 -300 300 -300 300 -300 300 -300 300 -300 300 -300 300 -300 300 -300 300 -300 300 -300 300 -300 300 -300 300 -300 300 -300 300 -300 300 -300 300 -300 300 -300 300 -300 300 -300 300 -300 300 -300 300 -300 300 -300 300 -300 300 -300 300 -300 300 -300 300 -300 300 -300 300 -300 300 -300 300 -300 300 -300 300 -300 300 -300 300 -300 300 -300 300 -300 300 -300 300 -300 300 -300 300 -300 300 -300 300 -300 300 -300 300 -300 300 -300 300 -300 300 -300 300 -300 300 -300 300 -300 300 -300 300 -300 300 -300 300 -300 300 -300 300 -300 300 -300 300 -300 300 -300 300 -300 300 -300 300 -300 300 -300 300 -300
RAW_Data: 300 -300 300 -300 300 -300 300 -300 300 -300 300 -300 300 -300 300 -300 300 -300 300 -300 300 -300 300 -300 300 -300 300 -300 300 -300 300 -300 300 -300 300 -300 300 -300 300 -300 300 -300 300 -300 300 -300 300 -300 300 -300 300 -300 300 -300 300 -300 300 -300 300 -300 300 -300 300 -300 300 -300 300 -300 300 -300 300 -300 300 -300 300 -300 300 -300 300 -300 300 -300 300 -300 300 -300 300 -300 300 -300 300 -300 300 -300 300 -300 300 -300 300 -300 300 -300 300 -300 300 -300 300 -300 300 -300 300 -300 300 -300 300 -300 300 -300 300 -300 300 -300 300 -300 300 -300 300 -300 300 -300 300 -300 300 -300 300 -300 300 -300 300 -300 300 -300 300 -300 300 -300 300 -300 300 -300 300 -300 300 -300 300 -300 300 -300 300 -300 300 -300 300 -300 300 -300 300 -300 300 -300 300 -300 300 -300 300 -300 300 -300 300 -300 300 -300 300 -300 300 -300 300 -300 300 -300 300 -300 300 -300 300 -300 300 -300 300 -300 300 -300 300 -300 300 -300 300 -300 300 -300 300 -300 300 -300 300 -300 300 -300 300 -300 300 -300 300 -300 300 -300 300 -300 300 -300 300 -300 300 -300 300 -300 300 -300 300 -300 300 -300 300 -300 300 -300 300 -300 300 -300 300 -300 300 -300 300 -300 300 -300 300 -300 300 -300 300 -300 300 -300 300 -300 300 -300 300 -300 300 -300 300 -300 300 -300 300 -300 300 -300 300 -300 300 -300 300 -300 300 -300 300 -300 300 -300 300 -300 300 -300 300 -300 300 -300 300 -300 300 -300 300 -300 300 -300 300 -300 300 -300 300 -300 300 -300 300 -300 300 -300 300 -300 300 -300 300 -300 300 -300 300 -300 300 -300 300 -300 300 -300 300 -300 300 -300 300 -300 300 -300 300 -300 300 -300 300 -300 300 -300 300 -300 300 -300 300 -300 300 -300 300 -300 300 -300
RAW_Data: 15000 -15000
RAW_Data: 10416 -10416 10416 -10416 10416 -10416 10416 -10416 10416 -10416 10416 -10416 10416 -10416 10416 -10416 10416 -10416 10416 -10416 10416 -10416 10416 -10416
RAW_Data: 12504 -12504 12504 -12504
RAW_Data: 357 -357 357 -357 357 -357 357 -357 357 -357 357 -357 357 -357 357 -357 357 -357 357 -357 357 -357 357 -357 357 -357 357 -357 357 -357 357 -357 357 -357 357 -357 357 -357 357 -357 357 -357 357 -357 357 -357 357 -357 357 -357 357 -357 357 -357 357 -357 357 -357 357 -357 357 -357 357 -357 357 -357 357 -357 357 -357 357 -357 357 -357 357 -357 357 -357 357 -357 357 -357 357 -357 357 -357 357 -357 357 -357 357 -357 357 -357 357 -357 357 -357 357 -357 357 -357 357 -357 357 -357 357 -357 357 -357 357 -357 357 -357 357 -357 357 -357 357 -357 357 -357 357 -357 357 -357 357 -357 357 -357 357 -357 357 -357 357 -357 357 -357 357 -357 357 -357 357 -357 357 -357 357 -357 357 -357 357 -357 357 -357 357 -357 357 -357 357 -357 357 -357 357 -357 357 -357 357 -357 357 -357 357 -357 357 -357 357 -357 357 -357 357 -357 357 -357 357 -357 357 -357 357 -357 357 -357 357 -357 357 -357 357 -357 357 -357 357 -357 357 -357 357 -357 357 -357 357 -357 357 -357 357 -357 357 -357 357 -357 357 -357 357 -357 357 -357 357 -357 357 -357 357 -357 357 -357 357 -357 357 -357 357 -357 357 -357 357 -357 357 -357 357 -357 357 -357 357 -357 357 -357 357 -357 357 -357 357 -357 357 -357 357 -357 357 -357 357 -357 357 -357 357 -357 357 -357 357 -357 357 -357 357 -357 357 -357 357 -357 357 -357 357 -357 357 -357 357 -357 357 -357 357 -357 357 -357 357 -357 357 -357 357 -357 357 -357 357 -357 357 -357 357 -357 357 -357 357 -357 357 -357 357 -357 357 -357 357 -357 357 -357 357 -357 357 -357 357 -357 357 -357 357 -357 357 -357 357 -357 357 -357 357 -357 357 -357 357 -357 357 -357 357 -357 357 -357 357 -357 357 -357 357 -357 357 -357 357 -357 357 -357 357 -357 357 -357 357 -357 357 -357 357 -357 357 -357 357 -357 357 -357
RAW_Data: 7527 -7527
RAW_Data: 357 -357 357 -357 357 -357 357 -357 357 -357 357 -357 357 -357 357 -357 357 -357 357 -357 357 -357 357 -357 357 -357 357 -357 357 -357 357 -357 357 -357 357 -357 357 -357 357 -357 357 -357 357 -357 357 -357 357 -357 357 -357 357 -357 357 -357 357 -357 357 -357 357 -357 357 -357 357 -357 357 -357 357 -357 357 -357 357 -357 357 -357 357 -357 357 -357 357 -357 357 -357 357 -357 357 -357 357 -357 357 -357 357 -357 357 -357 357 -357 357 -357 357 -357 357 -357 357 -357 357 -357 357 -357 357 -357 357 -357 357 -357 357 -357 357 -357 357 -357 357 -357 357 -357 357 -357 357 -357 357 -357 357 -357 357 -357 357 -357 357 -357 357 -357 357 -357 357 -357 357 -357 357 -357 357 -357 357 -357 357 -357 357 -357 357 -357 357 -357 357 -357 357 -357 357 -357 357 -357 357 -357 357 -357 357 -357 357 -357 357 -357 357 -357 357 -357 357 -357 357 -357 357 -357 357 -357 357 -357 357 -357 357 -357 357 -357 357 -357 357 -357 357 -357 357 -357 357 -357 357 -357 357 -357 357 -357 357 -357 357 -357 357 -357 357 -357 357 -357 357 -357 357 -357 357 -357 357 -357 357 -357 357 -357 357 -357 357 -357 357 -357 357 -357 357 -357 357 -357 357 -357 357 -357 357 -357 357 -357 357 -357 357 -357 357 -357 357 -357 357 -357 357 -357 357 -357 357 -357 357 -357 357 -357 357 -357 357 -357 357 -357 357 -357 357 -357 357 -357 357 -357 357 -357 357 -357 357 -357 357 -357 357 -357 357 -357 357 -357 357 -357 357 -357 357 -357 357 -357 357 -357 357 -357 357 -357 357 -357 357 -357 357 -357 357 -357 357 -357 357 -357 357 -357 357 -357 357 -357 357 -357 357 -357 357 -357 357 -357 357 -357 357 -357 357 -357 357 -357 357 -357 357 -357 357 -357 357 -357 357 -357 357 -357 357 -357 357 -357 357 -357 357 -357 357 -357 357 -357 357 -357
RAW_Data: 7527 -7527
RAW_Data: 379 -379 379 -379 379 -379 379 -379 379 -379 379 -379 379 -379 379 -379 379 -379 379 -379 379 -379 379 -379 379 -379 379 -379 379 -379 379 -379 379 -379 379 -379 379 -379 379 -379 379 -379 379 -379 379 -379 379 -379 379 -379 379 -379 379 -379 379 -379 379 -379 379 -379 379 -379 379 -379 379 -379 379 -379 379 -379 379 -379 379 -379 379 -379 379 -379 379 -379 379 -379 379 -379 379 -379 379 -379 379 -379 379 -379 379 -379 379 -379 379 -379 379 -379 379 -379 379 -379 379 -379 379 -379 379 -379 379 -379 379 -379 379 -379 379 -379 379 -379 379 -379 379 -379 379 -379 379 -379 379 -379 379 -379 379 -379 379 -379 379 -379 379 -379 379 -379 379 -379 379 -379 379 -379 379 -379 379 -379 379 -379 379 -379 379 -379 379 -379 379 -379 379 -379 379 -379 379 -379 379 -379 379 -379 379 -379 379 -379 379 -379 379 -379 379 -379 379 -379 379 -379 379 -379 379 -379 379 -379 379 -379 379 -379 379 -379 379 -379 379 -379 379 -379 379 -379 379 -379 379 -379 379 -379 379 -379 379 -379 379 -379 379 -379 379 -379 379 -379 379 -379 379 -379 379 -379 379 -379 379 -379 379 -379 379 -379 379 -379 379 -379 379 -379 379 -379 379 -379 379 -379 379 -379 379 -379 379 -379 379 -379 379 -379 379 -379 379 -379 379 -379 379 -379 379 -379 379 -379 379 -379 379 -379 379 -379 379 -379 379 -379 379 -379 379 -379 379 -379 379 -379 379 -379 379 -379 379 -379 379 -379 379 -379 379 -379 379 -379 379 -379 379 -379 379 -379 379 -379 379 -379 379 -379 379 -379 379 -379 379 -379 379 -379 379 -379 379 -379 379 -379 379 -379 379 -379 379 -379 379 -379 379 -379 379 -379 379 -379 379 -379 379 -379 379 -379 379 -379 379 -379 379 -379
RAW_Data: 7538 -7538
RAW_Data: 379 -379 379 -379 379 -379 379 -379 379 -379 379 -379 379 -379 379 -379 379 -379 379 -379 379 -379 379 -379 379 -379 379 -379 379 -379 379 -379 379 -379 379 -379 379 -379 379 -379 379 -379 379 -379 379 -379 379 -379 379 -379 379 -379 379 -379 379 -379 379 -379 379 -379 379 -379 379 -379 379 -379 379 -379 379 -379 379 -379 379 -379 379 -379 379 -379 379 -379 379 -379 379 -379 379 -379 379 -379 379 -379 379 -379 379 -379 379 -379 379 -379 379 -379 379 -379 379 -379 379 -379 379 -379 379 -379 379 -379 379 -379 379 -379 379 -379 379 -379 379 -379 379 -379 379 -379 379 -379 379 -379 379 -379 379 -379 379 -379 379 -379 379 -379 379 -379 379 -379 379 -379 379 -379 379 -379 379 -379 379 -379 379 -379 379 -379 379 -379 379 -379 379 -379 379 -379 379 -379 379 -379 379 -379 379 -379 379 -379 379 -379 379 -379 379 -379 379 -379 379 -379 379 -379 379 -379 379 -379 379 -379 379 -379 379 -379 379 -379 379 -379 379 -379 379 -379 379 -379 379 -379 379 -379 379 -379 379 -379 379 -379 379 -379 379 -379 379 -379 379 -379 379 -379 379 -379 379 -379 379 -379 379 -379 379 -379 379 -379 379 -379 379 -379 379 -379 379 -379 379 -379 379 -379 379 -379 379 -379 379 -379 379 -379 379 -379 379 -379 379 -379 379 -379 379 -379 379 -379 379 -379 379 -379 379 -379 379 -379 379 -379 379 -379 379 -379 379 -379 379 -379 379 -379 379 -379 379 -379 379 -379 379 -379 379 -379 379 -379 379 -379 379 -379 379 -379 379 -379 379 -379 379 -379 379 -379 379 -379 379 -379 379 -379 379 -379 379 -379 379 -379 379 -379 379 -379 379 -379 379 -379 379 -379 379 -379 379 -379 379 -379 379 -379 379 -379 379 -379 379 -379 379 -379
RAW_Data: 7538 -7538
RAW_Data: 401 -401 401 -401 401 -401 401 -401 401 -401 401 -401 401 -401 401 -401 401 -401 401 -401 401 -401 401 -401 401 -401 401 -401 401 -401 401 -401 401 -401 401 -401 401 -401 401 -401 401 -401 401 -401 401 -401 401 -401 401 -401 401 -401 401 -401 401 -401 401 -401 401 -401 401 -401 401 -401 401 -401 401 -401 401 -401 401 -401 401 -401 401 -401 401 -401 401 -401 401 -401 401 -401 401 -401 401 -401 401 -401 401 -401 401 -401 401 -401 401 -401 401 -401 401 -401 401 -401 401 -401 401 -401 401 -401 401 -401 401 -401 401 -401 401 -401 401 -401 401 -401 401 -401 401 -401 401 -401 401 -401 401 -401 401 -401 401 -401 401 -401 401 -401 401 -401 401 -401 401 -401 401 -401 401 -401 401 -401 401 -401 401 -401 401 -401 401 -401 401 -401 401 -401 401 -401 401 -401 401 -401 401 -401 401 -401 401 -401 401 -401 401 -401 401 -401 401 -401 401 -401 401 -401 401 -401 401 -401 401 -401 401 -401 401 -401 401 -401 401 -401 401 -401 401 -401 401 -401 401 -401 401 -401 401 -401 401 -401 401 -401 401 -401 401 -401 401 -401 401 -401 401 -401 401 -401 401 -401 401 -401 401 -401 401 -401 401 -401 401 -401 401 -401 401 -401 401 -401 401 -401 401 -401 401 -401 401 -401 401 -401 401 -401 401 -401 401 -401 401 -401 401 -401 401 -401 401 -401 401 -401 401 -401 401 -401 401 -401 401 -401 401 -401 401 -401 401 -401 401 -401 401 -401 401 -401 401 -401 401 -401 401 -401 401 -401 401 -401 401 -401 401 -401 401 -401 401 -401 401 -401 401 -401 401 -401 401 -401 401 -401 401 -401 401 -401 401 -401 401 -401 401 -401 401 -401 401 -401
RAW_Data: 7632 -7632
RAW_Data: 401 -401 401 -401 401 -401 401 -401 401 -401 401 -401 401 -401 401 -401 401 -401 401 -401 401 -401 401 -401 401 -401 401 -401 401 -401 401 -401 401 -401 401 -401 401 -401 401 -401 401 -401 401 -401 401 -401 401 -401 401 -401 401 -401 401 -401 401 -401 401 -401 401 -401 401 -401 401 -401 401 -401 401 -401 401 -401 401 -401 401 -401 401 -401 401 -401 401 -401 401 -401 401 -401 401 -401 401 -401 401 -401 401 -401 401 -401 401 -401 401 -401 401 -401 401 -401 401 -401 401 -401 401 -401 401 -401 401 -401 401 -401 401 -401 401 -401 401 -401 401 -401 401 -401 401 -401 401 -401 401 -401 401 -401 401 -401 401 -401 401 -401 401 -401 401 -401 401 -401 401 -401 401 -401 401 -401 401 -401 401 -401 401 -401 401 -401 401 -401 401 -401 401 -401 401 -401 401 -401 401 -401 401 -401 401 -401 401 -401 401 -401 401 -401 401 -401 401 -401 401 -401 401 -401 401 -401 401 -401 401 -401 401 -401 401 -401 401 -401 401 -401 401 -401 401 -401 401 -401 401 -401 401 -401 401 -401 401 -401 401 -401 401 -401 401 -401 401 -401 401 -401 401 -401 401 -401 401 -401 401 -401 401 -401 401 -401 401 -401 401 -401 401 -401 401 -401 401 -401 401 -401 401 -401 401 -401 401 -401 401 -401 401 -401 401 -401 401 -401 401 -401 401 -401 401 -401 401 -401 401 -401 401 -401 401 -401 401 -401 401 -401 401 -401 401 -401 401 -401 401 -401 401 -401 401 -401 401 -401 401 -401 401 -401 401 -401 401 -401 401 -401 401 -401 401 -401 401 -401 401 -401 401 -401 401 -401 401 -401 401 -401 401 -401 401 -401 401 -401 401 -401 401 -401 401 -401 401 -401
RAW_Data: 7632 -7632
RAW_Data: 379 -379 379 -379 379 -379 379 -379 379 -379 379 -379 379 -379 379 -379 379 -379 379 -379 379 -379 379 -379 379 -379 379 -379 379 -379 379 -379 379 -379 379 -379 379 -379 379 -379 379 -379 379 -379 379 -379 379 -379 379 -379 379 -379 379 -379 379 -379 379 -379 379 -379 379 -379 379 -379 379 -379 379 -379 379 -379 379 -379 379 -379 379 -379 379 -379 379 -379 379 -379 379 -379 379 -379 379 -379 379 -379 379 -379 379 -379 379 -379 379 -379 379 -379 379 -379 379 -379 379 -379 379 -379 379 -379 379 -379 379 -379 379 -379 379 -379 379 -379 379 -379 379 -379 379 -379 379 -379 379 -379 379 -379 379 -379 379 -379 379 -379 379 -379 379 -379 379 -379 379 -379 379 -379 379 -379 379 -379 379 -379 379 -379 379 -379 379 -379 379 -379 379 -379 379 -379 379 -379 379 -379 379 -379 379 -379 379 -379 379 -379 379 -379 379 -379 379 -379 379 -379 379 -379 379 -379 379 -379 379 -379 379 -379 379 -379 379 -379 379 -379 379 -379 379 -379 379 -379 379 -379 379 -379 379 -379 379 -379 379 -379 379 -379 379 -379 379 -379 379 -379 379 -379 379 -379 379 -379 379 -379 379 -379 379 -379 379 -379 379 -379 379 -379 379 -379 379 -379 379 -379 379 -379 379 -379 379 -379 379 -379 379 -379 379 -379 379 -379 379 -379 379 -379 379 -379 379 -379 379 -379 379 -379 379 -379 379 -379 379 -379 379 -379 379 -379 379 -379 379 -379 379 -379 379 -379 379 -379 379 -379 379 -379 379 -379 379 -379 379 -379 379 -379 379 -379 379 -379 379 -379 379 -379 379 -379 379 -379 379 -379 379 -379 379 -379 379 -379 379 -379 379 -379 379 -379 379 -379 379 -379 379 -379 379 -379 379 -379 379 -379 379 -379 379 -379 379 -379 379 -379 379 -379
RAW_Data: 7538 -7538
RAW_Data: 379 -379 379 -379 379 -379 379 -379 379 -379 379 -379 379 -379 379 -379 379 -379 379 -379 379 -379 379 -379 379 -379 379 -379 379 -379 379 -379 379 -379 379 -379 379 -379 379 -379 379 -379 379 -379 379 -379 379 -379 379 -379 379 -379 379 -379 379 -379 379 -379 379 -379 379 -379 379 -379 379 -379 379 -379 379 -379 379 -379 379 -379 379 -379 379 -379 379 -379 379 -379 379 -379 379 -379 379 -379 379 -379 379 -379 379 -379 379 -379 379 -379 379 -379 379 -379 379 -379 379 -379 379 -379 379 -379 379 -379 379 -379 379 -379 379 -379 379 -379 379 -379 379 -379 379 -379 379 -379 379 -379 379 -379 379 -379 379 -379 379 -379 379 -379 379 -379 379 -379 379 -379 379 -379 379 -379 379 -379 379 -379 379 -379 379 -379 379 -379 379 -379 379 -379 379 -379 379 -379 379 -379 379 -379 379 -379 379 -379 379 -379 379 -379 379 -379 379 -379 379 -379 379 -379 379 -379 379 -379 379 -379 379 -379 379 -379 379 -379 379 -379 379 -379 379 -379 379 -379 379 -379 379 -379 379 -379 379 -379 379 -379 379 -379 379 -379 379 -379 379 -379 379 -379 379 -379 379 -379 379 -379 379 -379 379 -379 379 -379 379 -379 379 -379 379 -379 379 -379 379 -379 379 -379 379 -379 379 -379 379 -379 379 -379 379 -379 379 -379 379 -379 379 -379 379 -379 379 -379 379 -379 379 -379 379 -379 379 -379 379 -379 379 -379 379 -379 379 -379 379 -379 379 -379 379 -379 379 -379 379 -379 379 -379 379 -379 379 -379 379 -379 379 -379 379 -379 379 -379 379 -379 379 -379 379 -379 379 -379 379 -379 379 -379 379 -379 379 -379 379 -379 379 -379 379 -379 379 -379 379 -379 379 -379 379 -379 379 -379 379 -379 379 -379 379 -379 379 -379 379 -379 379 -379
RAW_Data: 7538 -7538
RAW_Data: 357 -357 357 -357 357 -357 357 -357 357 -357 357 -357 357 -357 357 -357 357 -357 357 -357 357 -357 357 -357 357 -357 357 -357 357 -357 357 -357 357 -357 357 -357 357 -357 357 -357 357 -357 357 -357 357 -357 357 -357 357 -357 357 -357 357 -357 357 -357 357 -357 357 -357 357 -357 357 -357 357 -357 357 -357 357 -357 357 -357 357 -357 357 -357 357 -357 357 -357 357 -357 357 -357 357 -357 357 -357 357 -357 357 -357 357 -357 357 -357 357 -357 357 -357 357 -357 357 -357 357 -357 357 -357 357 -357 357 -357 357 -357 357 -357 357 -357 357 -357 357 -357 357 -357 357 -357 357 -357 357 -357 357 -357 357 -357 357 -357 357 -357 357 -357 357 -357 357 -357 357 -357 357 -357 357 -357 357 -357 357 -357 357 -357 357 -357 357 -357 357 -357 357 -357 357 -357 357 -357 357 -357 357 -357 357 -357 357 -357 357 -357 357 -357 357 -357 357 -357 357 -357 357 -357 357 -357 357 -357 357 -357 357 -357 357 -357 357 -357 357 -357 357 -357 357 -357 357 -357 357 -357 357 -357 357 -357 357 -357 357 -357 357 -357 357 -357 357 -357 357 -357 357 -357 357 -357 357 -357 357 -357 357 -357 357 -357 357 -357 357 -357 357 -357 357 -357 357 -357 357 -357 357 -357 357 -357 357 -357 357 -357 357 -357 357 -357 357 -357 357 -357 357 -357 357 -357 357 -357 357 -357 357 -357 357 -357 357 -357 357 -357 357 -357 357 -357 357 -357 357 -357 357 -357 357 -357 357 -357 357 -357 357 -357 357 -357 357 -357 357 -357 357 -357 357 -357 357 -357 357 -357 357 -357 357 -357 357 -357 357 -357 357 -357 357 -357 357 -357 357 -357 357 -357 357 -357 357 -357 357 -357 357 -357 357 -357 357 -357 357 -357 357 -357 357 -357 357 -357 357 -357 357 -357 357 -357 357 -357 357 -357 357 -357 357 -357 357 -357 357 -357 357 -357 357 -357 357 -357 357 -357
RAW_Data: 7527 -7527
RAW_Data: 357 -357 357 -357 357 -357 357 -357 357 -357 357 -357 357 -357 357 -357 357 -357 357 -357 357 -357 357 -357 357 -357 357 -357 357 -357 357 -357 357 -357 357 -357 357 -357 357 -357 357 -357 357 -357 357 -357 357 -357 357 -357 357 -357 357 -357 357 -357 357 -357 357 -357 357 -357 357 -357 357 -357 357 -357 357 -357 357 -357 357 -357 357 -357 357 -357 357 -357 357 -357 357 -357 357 -357 357 -357 357 -357 357 -357 357 -357 357 -357 357 -357 357 -357 357 -357 357 -357 357 -357 357 -357 357 -357 357 -357 357 -357 357 -357 357 -357 357 -357 357 -357 357 -357 357 -357 357 -357 357 -357 357 -357 357 -357 357 -357 357 -357 357 -357 357 -357 357 -357 357 -357 357 -357 357 -357 357 -357 357 -357 357 -357 357 -357 357 -357 357 -357 357 -357 357 -357 357 -357 357 -357 357 -357 357 -357 357 -357 357 -357 357 -357 357 -357 357 -357 357 -357 357 -357 357 -357 357 -357 357 -357 357 -357 357 -357 357 -357 357 -357 357 -357 357 -357 357 -357 357 -357 357 -357 357 -357 357 -357 357 -357 357 -357 357 -357 357 -357 357 -357 357 -357 357 -357 357 -357 357 -357 357 -357 357 -357 357 -357 357 -357 357 -357 357 -357 357 -357 357 -357 357 -357 357 -357 357 -357 357 -357 357 -357 357 -357 357 -357 357 -357 357 -357 357 -357 357 -357 357 -357 357 -357 357 -357 357 -357 357 -357 357 -357 357 -357 357 -357 357 -357 357 -357 357 -357 357 -357 357 -357 357 -357 357 -357 357 -357 357 -357 357 -357 357 -357 357 -357 357 -357 357 -357 357 -357 357 -357 357 -357 357 -357 357 -357 357 -357 357 -357 357 -357 357 -357 357 -357 357 -357 357 -357 357 -357 357 -357 357 -357 357 -357 357 -357 357 -357 357 -357 357 -357 357 -357 357 -357 357 -357 357 -357 357 -357 357 -357 357 -357 357 -357 357 -357 357 -357 357 -357
RAW_Data: 7527 -7527
RAW_Data: 379 -379 379 -379 379 -379 379 -379 379 -379 379 -379 379 -379 379 -379 379 -379 379 -379 379 -379 379 -379 379 -379 379 -379 379 -379 379 -379 379 -379 379 -379 379 -379 379 -379 379 -379 379 -379 379 -379 379 -379 379 -379 379 -379 379 -379 379 -379 379 -379 379 -379 379 -379 379 -379 379 -379 379 -379 379 -379 379 -379 379 -379 379 -379 379 -379 379 -379 379 -379 379 -379 379 -379 379 -379 379 -379 379 -379 379 -379 379 -379 379 -379 379 -379 379 -379 379 -379 379 -379 379 -379 379 -379 379 -379 379 -379 379 -379 379 -379 379 -379 379 -379 379 -379 379 -379 379 -379 379 -379 379 -379 379 -379 379 -379 379 -379 379 -379 379 -379 379 -379 379 -379 379 -379 379 -379 379 -379 379 -379 379 -379 379 -379 379 -379 379 -379 379 -379 379 -379 379 -379 379 -379 379 -379 379 -379 379 -379 379 -379 379 -379 379 -379 379 -379 379 -379 379 -379 379 -379 379 -379 379 -379 379 -379 379 -379 379 -379 379 -379 379 -379 379 -379 379 -379 379 -379 379 -379 379 -379 379 -379 379 -379 379 -379 379 -379 379 -379 379 -379 379 -379 379 -379 379 -379 379 -379 379 -379 379 -379 379 -379 379 -379 379 -379 379 -379 379 -379 379 -379 379 -379 379 -379 379 -379 379 -379 379 -379 379 -379 379 -379 379 -379 379 -379 379 -379 379 -379 379 -379 379 -379 379 -379 379 -379 379 -379 379 -379 379 -379 379 -379 379 -379 379 -379 379 -379 379 -379 379 -379 379 -379 379 -379 379 -379 379 -379 379 -379 379 -379 379 -379 379 -379 379 -379 379 -379 379 -379 379 -379 379 -379 379 -379 379 -379 379 -379 379 -379 379 -379 379 -379 379 -379 379 -379 379 -379 379 -379 379 -379 379 -379 379 -379 379 -379 379 -379 379 -379
RAW_Data: 7538 -7538
RAW_Data: 379 -379 379 -379 379 -379 379 -379 379 -379 379 -379 379 -379 379 -379 379 -379 379 -379 379 -379 379 -379 379 -379 379 -379 379 -379 379 -379 379 -379 379 -379 379 -379 379 -379 379 -379 379 -379 379 -379 379 -379 379 -379 379 -379 379 -379 379 -379 379 -379 379 -379 379 -379 379 -379 379 -379 379 -379 379 -379 379 -379 379 -379 379 -379 379 -379 379 -379 379 -379 379 -379 379 -379 379 -379 379 -379 379 -379 379 -379 379 -379 379 -379 379 -379 379 -379 379 -379 379 -379 379 -379 379 -379 379 -379 379 -379 379 -379 379 -379 379 -379 379 -379 379 -379 379 -379 379 -379 379 -379 379 -379 379 -379 379 -379 379 -379 379 -379 379 -379 379 -379 379 -379 379 -379 379 -379 379 -379 379 -379 379 -379 379 -379 379 -379 379 -379 379 -379 379 -379 379 -379 379 -379 379 -379 379 -379 379 -379 379 -379 379 -379 379 -379 379 -379 379 -379 379 -379 379 -379 379 -379 379 -379 379 -379 379 -379 379 -379 379 -379 379 -379 379 -379 379 -379 379 -379 379 -379 379 -379 379 -379 379 -379 379 -379 379 -379 379 -379 379 -379 379 -379 379 -379 379 -379 379 -379 379 -379 379 -379 379 -379 379 -379 379 -379 379 -379 379 -379 379 -379 379 -379 379 -379 379 -379 379 -379 379 -379 379 -379 379 -379 379 -379 379 -379 379 -379 379 -379 379 -379 379 -379 379 -379 379 -379 379 -379 379 -379 379 -379 379 -379 379 -379 379 -379 379 -379 379 -379 379 -379 379 -379 379 -379 379 -379 379 -379 379 -379 379 -379 379 -379 379 -379 379 -379 379 -379 379 -379 379 -379 379 -379 379 -379 379 -379 379 -379 379 -379 379 -379 379 -379 379 -379 379 -379 379 -379 379 -379 379 -379 379 -379 379 -379 379 -379 379 -379 379 -379
RAW_Data: 7538 -7538
RAW_Data: 401 -401 401 -401 401 -401 401 -401 401 -401 401 -401 401 -401 401 -401 401 -401 401 -401 401 -401 401 -401 401 -401 401 -401 401 -401 401 -401 401 -401 401 -401 401 -401 401 -401 401 -401 401 -401 401 -401 401 -401 401 -401 401 -401 401 -401 401 -401 401 -401 401 -401 401 -401 401 -401 401 -401 401 -401 401 -401 401 -401 401 -401 401 -401 401 -401 401 -401 401 -401 401 -401 401 -401 401 -401 401 -401 401 -401 401 -401 401 -401 401 -401 401 -401 401 -401 401 -401 401 -401 401 -401 401 -401 401 -401 401 -401 401 -401 401 -401 401 -401 401 -401 401 -401 401 -401 401 -401 401 -401 401 -401 401 -401 401 -401 401 -401 401 -401 401 -401 401 -401 401 -401 401 -401 401 -401 401 -401 401 -401 401 -401 401 -401 401 -401 401 -401 401 -401 401 -401 401 -401 401 -401 401 -401 401 -401 401 -401 401 -401 401 -401 401 -401 401 -401 401 -401 401 -401 401 -401 401 -401 401 -401 401 -401 401 -401 401 -401 401 -401 401 -401 401 -401 401 -401 401 -401 401 -401 401 -401 401 -401 401 -401 401 -401 401 -401 401 -401 401 -401 401 -401 401 -401 401 -401 401 -401 401 -401 401 -401 401 -401 401 -401 401 -401 401 -401 401 -401 401 -401 401 -401 401 -401 401 -401 401 -401 401 -401 401 -401 401 -401 401 -401 401 -401 401 -401 401 -401 401 -401 401 -401 401 -401 401 -401 401 -401 401 -401 401 -401 401 -401 401 -401 401 -401 401 -401 401 -401 401 -401 401 -401 401 -401 401 -401 401 -401 401 -401 401 -401 401 -401 401 -401 401 -401 401 -401 401 -401 401 -401 401 -401 401 -401 401 -401 401 -401 401 -401 401 -401 401 -401
RAW_Data: 7632 -7632
RAW_Data: 401 -401 401 -401 401 -401 401 -401 401 -401 401 -401 401 -401 401 -401 401 -401 401 -401 401 -401 401 -401 401 -401 401 -401 401 -401 401 -401 401 -401 401 -401 401 -401 401 -401 401 -401 401 -401 401 -401 401 -401 401 -401 401 -401 401 -401 401 -401 401 -401 401 -401 401 -401 401 -401 401 -401 401 -401 401 -401 401 -401 401 -401 401 -401 401 -401 401 -401 401 -401 401 -401 401 -401 401 -401 401 -401 401 -401 401 -401 401 -401 401 -401 401 -401 401 -401 401 -401 401 -401 401 -401 401 -401 401 -401 401 -401 401 -401 401 -401 401 -401 401 -401 401 -401 401 -401 401 -401 401 -401 401 -401 401 -401 401 -401 401 -401 401 -401 401 -401 401 -401 401 -401 401 -401 401 -401 401 -401 401 -401 401 -401 401 -401 401 -401 401 -401 401 -401 401 -401 401 -401 401 -401 401 -401 401 -401 401 -401 401 -401 401 -401 401 -401 401 -401 401 -401 401 -401 401 -401 401 -401 401 -401 401 -401 401 -401 401 -401 401 -401 401 -401 401 -401 401 -401 401 -401 401 -401 401 -401 401 -401 401 -401 401 -401 401 -401 401 -401 401 -401 401 -401 401 -401 401 -401 401 -401 401 -401 401 -401 401 -401 401 -401 401 -401 401 -401 401 -401 401 -401 401 -401 401 -401 401 -401 401 -401 401 -401 401 -401 401 -401 401 -401 401 -401 401 -401 401 -401 401 -401 401 -401 401 -401 401 -401 401 -401 401 -401 401 -401 401 -401 401 -401 401 -401 401 -401 401 -401 401 -401 401 -401 401 -401 401 -401 401 -401 401 -401 401 -401 401 -401 401 -401 401 -401 401 -401 401 -401 401 -401 401 -401 401 -401 401 -401 401 -401 401 -401 401 -401 401 -401
RAW_Data: 7632 -7632
RAW_Data: 379 -379 379 -379 379 -379 379 -379 379 -379 379 -379 379 -379 379 -379 379 -379 379 -379 379 -379 379 -379 379 -379 379 -379 379 -379 379 -379 379 -379 379 -379 379 -379 379 -379 379 -379 379 -379 379 -379 379 -379 379 -379 379 -379 379 -379 379 -379 379 -379 379 -379 379 -379 379 -379 379 -379 379 -379 379 -379 379 -379 379 -379 379 -379 379 -379 379 -379 379 -379 379 -379 379 -379 379 -379 379 -379 379 -379 379 -379 379 -379 379 -379 379 -379 379 -379 379 -379 379 -379 379 -379 379 -379 379 -379 379 -379 379 -379 379 -379 379 -379 379 -379 379 -379 379 -379 379 -379 379 -379 379 -379 379 -379 379 -379 379 -379 379 -379 379 -379 379 -379 379 -379 379 -379 379 -379 379 -379 379 -379 379 -379 379 -379 379 -379 379 -379 379 -379 379 -379 379 -379 379 -379 379 -379 379 -379 379 -379 379 -379 379 -379 379 -379 379 -379 379 -379 379 -379 379 -379 379 -379 379 -379 379 -379 379 -379 379 -379 379 -379 379 -379 379 -379 379 -379 379 -379 379 -379 379 -379 379 -379 379 -379 379 -379 379 -379 379 -379 379 -379 379 -379 379 -379 379 -379 379 -379 379 -379 379 -379 379 -379 379 -379 379 -379 379 -379 379 -379 379 -379 379 -379 379 -379 379 -379 379 -379 379 -379 379 -379 379 -379 379 -379 379 -379 379 -379 379 -379 379 -379 379 -379 379 -379 379 -379 379 -379 379 -379 379 -379 379 -379 379 -379 379 -379 379 -379 379 -379 379 -379 379 -379 379 -379 379 -379 379 -379 379 -379 379 -379 379 -379 379 -379 379 -379 379 -379 379 -379 379 -379 379 -379 379 -379 379 -379 379 -379 379 -379 379 -379 379 -379 379 -379 379 -379 379 -379 379 -379 379 -379 379 -379 379 -379 379 -379 379 -379 379 -379
RAW_Data: 7538 -7538
RAW_Data: 379 -379 379 -379 379 -379 379 -379 379 -379 379 -379 379 -379 379 -379 379 -379 379 -379 379 -379 379 -379 379 -379 379 -379 379 -379 379 -379 379 -379 379 -379 379 -379 379 -379 379 -379 379 -379 379 -379 379 -379 379 -379 379 -379 379 -379 379 -379 379 -379 379 -379 379 -379 379 -379 379 -379 379 -379 379 -379 379 -379 379 -379 379 -379 379 -379 379 -379 379 -379 379 -379 379 -379 379 -379 379 -379 379 -379 379 -379 379 -379 379 -379 379 -379 379 -379 379 -379 379 -379 379 -379 379 -379 379 -379 379 -379 379 -379 379 -379 379 -379 379 -379 379 -379 379 -379 379 -379 379 -379 379 -379 379 -379 379 -379 379 -379 379 -379 379 -379 379 -379 379 -379 379 -379 379 -379 379 -379 379 -379 379 -379 379 -379 379 -379 379 -379 379 -379 379 -379 379 -379 379 -379 379 -379 379 -379 379 -379 379 -379 379 -379 379 -379 379 -379 379 -379 379 -379 379 -379 379 -379 379 -379 379 -379 379 -379 379 -379 379 -379 379 -379 379 -379 379 -379 379 -379 379 -379 379 -379 379 -379 379 -379 379 -379 379 -379 379 -379 379 -379 379 -379 379 -379 379 -379 379 -379 379 -379 379 -379 379 -379 379 -379 379 -379 379 -379 379 -379 379 -379 379 -379 379 -379 379 -379 379 -379 379 -379 379 -379 379 -379 379 -379 379 -379 379 -379 379 -379 379 -379 379 -379 379 -379 379 -379 379 -379 379 -379 379 -379 379 -379 379 -379 379 -379 379 -379 379 -379 379 -379 379 -379 379 -379 379 -379 379 -379 379 -379 379 -379 379 -379 379 -379 379 -379 379 -379 379 -379 379 -379 379 -379 379 -379 379 -379 379 -379 379 -379 379 -379 379 -379 379 -379 379 -379 379 -379 379 -379 379 -379 379 -379 379 -379 379 -379 379 -379 379 -379
RAW_Data: 7538 -7538
RAW_Data: 357 -357 357 -357 357 -357 357 -357 357 -357 357 -357 357 -357 357 -357 357 -357 357 -357 357 -357 357 -357 357 -357 357 -357 357 -357 357 -357 357 -357 357 -357 357 -357 357 -357 357 -357 357 -357 357 -357 357 -357 357 -357 357 -357 357 -357 357 -357 357 -357 357 -357 357 -357 357 -357 357 -357 357 -357 357 -357 357 -357 357 -357 357 -357 357 -357 357 -357 357 -357 357 -357 357 -357 357 -357 357 -357 357 -357 357 -357 357 -357 357 -357 357 -357 357 -357 357 -357 357 -357 357 -357 357 -357 357 -357 357 -357 357 -357 357 -357 357 -357 357 -357 357 -357 357 -357 357 -357 357 -357 357 -357 357 -357 357 -357 357 -357 357 -357 357 -357 357 -357 357 -357 357 -357 357 -357 357 -357 357 -357 357 -357 357 -357 357 -357 357 -357 357 -357 357 -357 357 -357 357 -357 357 -357 357 -357 357 -357 357 -357 357 -357 357 -357 357 -357 357 -357 357 -357 357 -357 357 -357 357 -357 357 -357 357 -357 357 -357 357 -357 357 -357 357 -357 357 -357 357 -357 357 -357 357 -357 357 -357 357 -357 357 -357 357 -357 357 -357 357 -357 357 -357 357 -357 357 -357 357 -357 357 -357 357 -357 357 -357 357 -357 357 -357 357 -357 357 -357 357 -357 357 -357 357 -357 357 -357 357 -357 357 -357 357 -357 357 -357 357 -357 357 -357 357 -357 357 -357 357 -357 357 -357 357 -357 357 -357 357 -357 357 -357 357 -357 357 -357 357 -357 357 -357 357 -357 357 -357 357 -357 357 -357 357 -357 357 -357 357 -357 357 -357 357 -357 357 -357 357 -357 357 -357 357 -357 357 -357 357 -357 357 -357 357 -357 357 -357 357 -357 357 -357 357 -357 357 -357 357 -357 357 -357 357 -357 357 -357 357 -357 357 -357 357 -357 357 -357 357 -357 357 -357 357 -357 357 -357 357 -357 357 -357 357 -357 357 -357 357 -357 357 -357 357 -357 357 -357 357 -357
RAW_Data: 7527 -7527
RAW_Data: 357 -357 357 -357 357 -357 357 -357 357 -357 357 -357 357 -357 357 -357 357 -357 357 -357 357 -357 357 -357 357 -357 357 -357 357 -357 357 -357 357 -357 357 -357 357 -357 357 -357 357 -357 357 -357 357 -357 357 -357 357 -357 357 -357 357 -357 357 -357 357 -357 357 -357 357 -357 357 -357 357 -357 357 -357 357 -357 357 -357 357 -357 357 -357 357 -357 357 -357 357 -357 357 -357 357 -357 357 -357 357 -357 357 -357 357 -357 357 -357 357 -357 357 -357 357 -357 357 -357 357 -357 357 -357 357 -357 357 -357 357 -357 357 -357 357 -357 357 -357 357 -357 357 -357 357 -357 357 -357 357 -357 357 -357 357 -357 357 -357 357 -357 357 -357 357 -357 357 -357 357 -357 357 -357 357 -357 357 -357 357 -357 357 -357 357 -357 357 -357 357 -357 357 -357 357 -357 357 -357 357 -357 357 -357 357 -357 357 -357 357 -357 357 -357 357 -357 357 -357 357 -357 357 -357 357 -357 357 -357 357 -357 357 -357 357 -357 357 -357 357 -357 357 -357 357 -357 357 -357 357 -357 357 -357 357 -357 357 -357 357 -357 357 -357 357 -357 357 -357 357 -357 357 -357 357 -357 357 -357 357 -357 357 -357 357 -357 357 -357 357 -357 357 -357 357 -357 357 -357 357 -357 357 -357 357 -357 357 -357 357 -357 357 -357 357 -357 357 -357 357 -357 357 -357 357 -357 357 -357 357 -357 357 -357 357 -357 357 -357 357 -357 357 -357 357 -357 357 -357 357 -357 357 -357 357 -357 357 -357 357 -357 357 -357 357 -357 357 -357 357 -357 357 -357 357 -357 357 -357 357 -357 357 -357 357 -357 357 -357 357 -357 357 -357 357 -357 357 -357 357 -357 357 -357 357 -357 357 -357 357 -357 357 -357 357 -357 357 -357 357 -357 357 -357 357 -357 357 -357 357 -357 357 -357 357 -357 357 -357 357 -357 357 -357 357 -357 357 -357 357 -357 357 -357 357 -357 357 -357 357 -357
RAW_Data: 7527 -7527
RAW_Data: 379 -379 379 -379 379 -379 379 -379 379 -379 379 -379 379 -379 379 -379 379 -379 379 -379 379 -379 379 -379 379 -379 379 -379 379 -379 379 -379 379 -379 379 -379 379 -379 379 -379 379 -379 379 -379 379 -379 379 -379 379 -379 379 -379 379 -379 379 -379 379 -379 379 -379 379 -379 379 -379 379 -379 379 -379 379 -379 379 -379 379 -379 379 -379 379 -379 379 -379 379 -379 379 -379 379 -379 379 -379 379 -379 379 -379 379 -379 379 -379 379 -379 379 -379 379 -379 379 -379 379 -379 379 -379 379 -379 379 -379 379 -379 379 -379 379 -379 379 -379 379 -379 379 -379 379 -379 379 -379 379 -379 379 -379 379 -379 379 -379 379 -379 379 -379 379 -379 379 -379 379 -379 379 -379 379 -379 379 -379 379 -379 379 -379 379 -379 379 -379 379 -379 379 -379 379 -379 379 -379 379 -379 379 -379 379 -379 379 -379 379 -379 379 -379 379 -379 379 -379 379 -379 379 -379 379 -379 379 -379 379 -379 379 -379 379 -379 379 -379 379 -379 379 -379 379 -379 379 -379 379 -379 379 -379 379 -379 379 -379 379 -379 379 -379 379 -379 379 -379 379 -379 379 -379 379 -379 379 -379 379 -379 379 -379 379 -379 379 -379 379 -379 379 -379 379 -379 379 -379 379 -379 379 -379 379 -379 379 -379 379 -379 379 -379 379 -379 379 -379 379 -379 379 -379 379 -379 379 -379 379 -379 379 -379 379 -379 379 -379 379 -379 379 -379 379 -379 379 -379 379 -379 379 -379 379 -379 379 -379 379 -379 379 -379 379 -379 379 -379 379 -379 379 -379 379 -379 379 -379 379 -379 379 -379 379 -379 379 -379 379 -379 379 -379 379 -379 379 -379 379 -379 379 -379 379 -379 379 -379 379 -379 379 -379 379 -379 379 -379 379 -379 379 -379 379 -379 379 -379 379 -379 379 -379
RAW_Data: 7538 -7538
RAW_Data: 379 -379 379 -379 379 -379 379 -379 379 -379 379 -379 379 -379 379 -379 379 -379 379 -379 379 -379 379 -379 379 -379 379 -379 379 -379 379 -379 379 -379 379 -379 379 -379 379 -379 379 -379 379 -379 379 -379 379 -379 379 -379 379 -379 379 -379 379 -379 379 -379 379 -379 379 -379 379 -379 379 -379 379 -379 379 -379 379 -379 379 -379 379 -379 379 -379 379 -379 379 -379 379 -379 379 -379 379 -379 379 -379 379 -379 379 -379 379 -379 379 -379 379 -379 379 -379 379 -379 379 -379 379 -379 379 -379 379 -379 379 -379 379 -379 379 -379 379 -379 379 -379 379 -379 379 -379 379 -379 379 -379 379 -379 379 -379 379 -379 379 -379 379 -379 379 -379 379 -379 379 -379 379 -379 379 -379 379 -379 379 -379 379 -379 379 -379 379 -379 379 -379 379 -379 379 -379 379 -379 379 -379 379 -379 379 -379 379 -379 379 -379 379 -379 379 -379 379 -379 379 -379 379 -379 379 -379 379 -379 379 -379 379 -379 379 -379 379 -379 379 -379 379 -379 379 -379 379 -379 379 -379 379 -379 379 -379 379 -379 379 -379 379 -379 379 -379 379 -379 379 -379 379 -379 379 -379 379 -379 379 -379 379 -379 379 -379 379 -379 379 -379 379 -379 379 -379 379 -379 379 -379 379 -379 379 -379 379 -379 379 -379 379 -379 379 -379 379 -379 379 -379 379 -379 379 -379 379 -379 379 -379 379 -379 379 -379 379 -379 379 -379 379 -379 379 -379 379 -379 379 -379 379 -379 379 -379 379 -379 379 -379 379 -379 379 -379 379 -379 379 -379 379 -379 379 -379 379 -379 379 -379 379 -379 379 -379 379 -379 379 -379 379 -379 379 -379 379 -379 379 -379 379 -379 379 -379 379 -379 379 -379 379 -379 379 -379 379 -379 379 -379 379 -379 379 -379 379 -379 379 -379 379 -379
RAW_Data: 7538 -7538
RAW_Data: 401 -401 401 -401 401 -401 401 -401 401 -401 401 -401 401 -401 401 -401 401 -401 401 -401 401 -401 401 -401 401 -401 401 -401 401 -401 401 -401 401 -401 401 -401 401 -401 401 -401 401 -401 401 -401 401 -401 401 -401 401 -401 401 -401 401 -401 401 -401 401 -401 401 -401 401 -401 401 -401 401 -401 401 -401 401 -401 401 -401 401 -401 401 -401 401 -401 401 -401 401 -401 401 -401 401 -401 401 -401 401 -401 401 -401 401 -401 401 -401 401 -401 401 -401 401 -401 401 -401 401 -401 401 -401 401 -401 401 -401 401 -401 401 -401 401 -401 401 -401 401 -401 401 -401 401 -401 401 -401 401 -401 401 -401 401 -401 401 -401 401 -401 401 -401 401 -401 401 -401 401 -401 401 -401 401 -401 401 -401 401 -401 401 -401 401 -401 401 -401 401 -401 401 -401 401 -401 401 -401 401 -401 401 -401 401 -401 401 -401 401 -401 401 -401 401 -401 401 -401 401 -401 401 -401 401 -401 401 -401 401 -401 401 -401 401 -401 401 -401 401 -401 401 -401 401 -401 401 -401 401 -401 401 -401 401 -401 401 -401 401 -401 401 -401 401 -401 401 -401 401 -401 401 -401 401 -401 401 -401 401 -401 401 -401 401 -401 401 -401 401 -401 401 -401 401 -401 401 -401 401 -401 401 -401 401 -401 401 -401 401 -401 401 -401 401 -401 401 -401 401 -401 401 -401 401 -401 401 -401 401 -401 401 -401 401 -401 401 -401 401 -401 401 -401 401 -401 401 -401 401 -401 401 -401 401 -401 401 -401 401 -401 401 -401 401 -401 401 -401 401 -401 401 -401 401 -401 401 -401 401 -401 401 -401 401 -401 401 -401 401 -401 401 -401 401 -401 401 -401 401 -401 401 -401 401 -401 401 -401
RAW_Data: 7632 -7632
RAW_Data: 401 -401 401 -401 401 -401 401 -401 401 -401 401 -401 401 -401 401 -401 401 -401 401 -401 401 -401 401 -401 401 -401 401 -401 401 -401 401 -401 401 -401 401 -401 401 -401 401 -401 401 -401 401 -401 401 -401 401 -401 401 -401 401 -401 401 -401 401 -401 401 -401 401 -401 401 -401 401 -401 401 -401 401 -401 401 -401 401 -401 401 -401 401 -401 401 -401 401 -401 401 -401 401 -401 401 -401 401 -401 401 -401 401 -401 401 -401 401 -401 401 -401 401 -401 401 -401 401 -401 401 -401 401 -401 401 -401 401 -401 401 -401 401 -401 401 -401 401 -401 401 -401 401 -401 401 -401 401 -401 401 -401 401 -401 401 -401 401 -401 401 -401 401 -401 401 -401 401 -401 401 -401 401 -401 401 -401 401 -401 401 -401 401 -401 401 -401 401 -401 401 -401 401 -401 401 -401 401 -401 401 -401 401 -401 401 -401 401 -401 401 -401 401 -401 401 -401 401 -401 401 -401 401 -401 401 -401 401 -401 401 -401 401 -401 401 -401 401 -401 401 -401 401 -401 401 -401 401 -401 401 -401 401 -401 401 -401 401 -401 401 -401 401 -401 401 -401 401 -401 401 -401 401 -401 401 -401 401 -401 401 -401 401 -401 401 -401 401 -401 401 -401 401 -401 401 -401 401 -401 401 -401 401 -401 401 -401 401 -401 401 -401 401 -401 401 -401 401 -401 401 -401 401 -401 401 -401 401 -401 401 -401 401 -401 401 -401 401 -401 401 -401 401 -401 401 -401 401 -401 401 -401 401 -401 401 -401 401 -401 401 -401 401 -401 401 -401 401 -401 401 -401 401 -401 401 -401 401 -401 401 -401 401 -401 401 -401 401 -401 401 -401 401 -401 401 -401 401 -401 401 -401 401 -401 401 -401 401 -401
RAW_Data: 7632 -7632
RAW_Data: 379 -379 379 -379 379 -379 379 -379 379 -379 379 -379 379 -379 379 -379 379 -379 379 -379 379 -379 379 -379 379 -379 379 -379 379 -379 379 -379 379 -379 379 -379 379 -379 379 -379 379 -379 379 -379 379 -379 379 -379 379 -379 379 -379 379 -379 379 -379 379 -379 379 -379 379 -379 379 -379 379 -379 379 -379 379 -379 379 -379 379 -379 379 -379 379 -379 379 -379 379 -379 379 -379 379 -379 379 -379 379 -379 379 -379 379 -379 379 -379 379 -379 379 -379 379 -379 379 -379 379 -379 379 -379 379 -379 379 -379 379 -379 379 -379 379 -379 379 -379 379 -379 379 -379 379 -379 379 -379 379 -379 379 -379 379 -379 379 -379 379 -379 379 -379 379 -379 379 -379 379 -379 379 -379 379 -379 379 -379 379 -379 379 -379 379 -379 379 -379 379 -379 379 -379 379 -379 379 -379 379 -379 379 -379 379 -379 379 -379 379 -379 379 -379 379 -379 379 -379 379 -379 379 -379 379 -379 379 -379 379 -379 379 -379 379 -379 379 -379 379 -379 379 -379 379 -379 379 -379 379 -379 379 -379 379 -379 379 -379 379 -379 379 -379 379 -379 379 -379 379 -379 379 -379 379 -379 379 -379 379 -379 379 -379 379 -379 379 -379 379 -379 379 -379 379 -379 379 -379 379 -379 379 -379 379 -379 379 -379 379 -379 379 -379 379 -379 379 -379 379 -379 379 -379 379 -379 379 -379 379 -379 379 -379 379 -379 379 -379 379 -379 379 -379 379 -379 379 -379 379 -379 379 -379 379 -379 379 -379 379 -379 379 -379 379 -379 379 -379 379 -379 379 -379 379 -379 379 -379 379 -379 379 -379 379 -379 379 -379 379 -379 379 -379 379 -379 379 -379 379 -379 379 -379 379 -379 379 -379 379 -379 379 -379 379 -379 379 -379 379 -379 379 -379 379 -379 379 -379 379 -379 379 -379
RAW_Data: 7538 -7538
RAW_Data: 379 -379 379 -379 379 -379 379 -379 379 -379 379 -379 379 -379 379 -379 379 -379 379 -379 379 -379 379 -379 379 -379 379 -379 379 -379 379 -379 379 -379 379 -379 379 -379 379 -379 379 -379 379 -379 379 -379 379 -379 379 -379 379 -379 379 -379 379 -379 379 -379 379 -379 379 -379 379 -379 379 -379 379 -379 379 -379 379 -379 379 -379 379 -379 379 -379 379 -379 379 -379 379 -379 379 -379 379 -379 379 -379 379 -379 379 -379 379 -379 379 -379 379 -379 379 -379 379 -379 379 -379 379 -379 379 -379 379 -379 379 -379 379 -379 379 -379 379 -379 379 -379 379 -379 379 -379 379 -379 379 -379 379 -379 379 -379 379 -379 379 -379 379 -379 379 -379 379 -379 379 -379 379 -379 379 -379 379 -379 379 -379 379 -379 379 -379 379 -379 379 -379 379 -379 379 -379 379 -379 379 -379 379 -379 379 -379 379 -379 379 -379 379 -379 379 -379 379 -379 379 -379 379 -379 379 -379 379 -379 379 -379 379 -379 379 -379 379 -379 379 -379 379 -379 379 -379 379 -379 379 -379 379 -379 379 -379 379 -379 379 -379 379 -379 379 -379 379 -379 379 -379 379 -379 379 -379 379 -379 379 -379 379 -379 379 -379 379 -379 379 -379 379 -379 379 -379 379 -379 379 -379 379 -379 379 -379 379 -379 379 -379 379 -379 379 -379 379 -379 379 -379 379 -379 379 -379 379 -379 379 -379 379 -379 379 -379 379 -379 379 -379 379 -379 379 -379 379 -379 379 -379 379 -379 379 -379 379 -379 379 -379 379 -379 379 -379 379 -379 379 -379 379 -379 379 -379 379 -379 379 -379 379 -379 379 -379 379 -379 379 -379 379 -379 379 -379 379 -379 379 -379 379 -379 379 -379 379 -379 379 -379 379 -379 379 -379 379 -379 379 -379 379 -379 379 -379 379 -379 379 -379 379 -379
RAW_Data: 7538 -7538
RAW_Data: 300 -300 300 -300 300 -300 300 -300 300 -300 300 -300 300 -300 300 -300 300 -300 300 -300 300 -300 300 -300 300 -300 300 -300 300 -300 300 -300 300 -300 300 -300 300 -300 300 -300 300 -300 300 -300 300 -300 300 -300 300 -300 300 -300 300 -300 300 -300 300 -300 300 -300 300 -300 300 -300 300 -300 300 -300 300 -300 300 -300 300 -300 300 -300 300 -300 300 -300 300 -300 300 -300 300 -300 300 -300 300 -300 300 -300 300 -300 300 -300 300 -300 300 -300 300 -300 300 -300 300 -300 300 -300 300 -300 300 -300 300 -300 300 -300 300 -300 300 -300 300 -300 300 -300 300 -300 300 -300 300 -300 300 -300 300 -300 300 -300 300 -300 300 -300 300 -300 300 -300 300 -300 300 -300 300 -300 300 -300 300 -300 300 -300 300 -300 300 -300 300 -300 300 -300 300 -300 300 -300 300 -300 300 -300 300 -300 300 -300 300 -300 300 -300 300 -300 300 -300 300 -300 300 -300 300 -300 300 -300 300 -300 300 -300 300 -300 300 -300 300 -300 300 -300 300 -300 300 -300 300 -300 300 -300 300 -300 300 -300 300 -300 300 -300 300 -300 300 -300 300 -300 300 -300 300 -300 300 -300 300 -300 300 -300 300 -300 300 -300 300 -300 300 -300 300 -300 300 -300 300 -300 300 -300 300 -300 300 -300 300 -300 300 -300 300 -300 300 -300 300 -300 300 -300 300 -300 300 -300 300 -300 300 -300 300 -300 300 -300 300 -300 300 -300 300 -300 300 -300 300 -300 300 -300 300 -300 300 -300 300 -300 300 -300 300 -300 300 -300 300 -300 300 -300 300 -300 300 -300 300 -300 300 -300 300 -300 300 -300 300 -300 300 -300 300 -300 300 -300 300 -300 300 -300 300 -300 300 -300 300 -300 300 -300 300 -300 300 -300 300 -300 300 -300 300 -300 300 -300 300 -300 300 -300 300 -300 300 -300 300 -300 300 -300 300 -300 300 -300 300 -300 300 -300 300 -300 300 -300 300 -300 300 -300 300 -300 300 -300 300 -300 300 -300 300 -300 300 -300 300 -300 300 -300 300 -300 300 -300 300 -300 300 -300 300 -300 300 -300 300 -300 300 -300 300 -300 300 -300 300 -300 300 -300 300 -300 300 -300 300 -300 300 -300 300 -300 300 -300 300 -300 300 -300 300 -300 300 -300 300 -300 300 -300 300 -300 300 -300 300 -300 300 -300 300 -300 300 -300 300 -300 300 -300 300 -300 300 -300 300 -300 300 -300 300 -300 300 -300 300 -300 300 -300 300 -300 300 -300 300 -300 300 -300 300 -300 300 -300 300 -300 300 -300 300 -300 300 -300 300 -300 300 -300 300 -300 300 -300 300 -300 300 -300 300 -300
RAW_Data: 300 -300 300 -300 300 -300 300 -300 300 -300 300 -300 300 -300 300 -300 300 -300 300 -300 300 -300 300 -300 300 -300 300 -300 300 -300 300 -300 300 -300 300 -300 300 -300 300 -300 300 -300 300 -300 300 -300 300 -300 300 -300 300 -300 300 -300 300 -300 300 -300 300 -300 300 -300 300 -300 300 -300 300 -300 300 -300 300 -300 300 -300 300 -300 300 -300 300 -300 300 -300 300 -300 300 -300 300 -300 300 -300 300 -300 300 -300 300 -300 300 -300 300 -300 300 -300 300 -300 300 -300 300 -300 300 -300 300 -300 300 -300 300 -300 300 -300 300 -300 300 -300 300 -300 300 -300 300 -300 300 -300 300 -300 300 -300 300 -300 300 -300 300 -300 300 -300 300 -300 300 -300 300 -300 300 -300 300 -300 300 -300 300 -300 300 -300 300 -300 300 -300 300 -300 300 -300 300 -300 300 -300 300 -300 300 -300 300 -300 300 -300 300 -300 300 -300 300 -300 300 -300 300 -300 300 -300 300 -300 300 -300 300 -300 300 -300 300 -300 300 -300 300 -300 300 -300 300 -300 300 -300 300 -300 300 -300 300 -300 300 -300 300 -300 300 -300 300 -300 300 -300 300 -300 300 -300 300 -300 300 -300 300 -300 300 -300 300 -300 300 -300 300 -300 300 -300 300 -300 300 -300 300 -300 300 -300 300 -300 300 -300 300 -300 300 -300 300 -300 300 -300 300 -300 300 -300 300 -300 300 -300 300 -300 300 -300 300 -300 300 -300 300 -300 300 -300 300 -300 300 -300 300 -300 300 -300 300 -300 300 -300 300 -300 300 -300 300 -300 300 -300 300 -300 300 -300 300 -300 300 -300 300 -300 300 -300 300 -300 300 -300 300 -300 300 -300 300 -300 300 -300 300 -300 300 -300 300 -300 300 -300 300 -300 300 -300 300 -300 300 -300 300 -300 300 -300 300 -300 300 -300 300 -300 300 -300 300 -300 300 -300 300 -300 300 -300 300 -300 300 -300 300 -300 300 -300 300 -300 300 -300 300 -300 300 -300 300 -300 300 -300 300 -300 300 -300
RAW_Data: 15000 -15000
RAW_Data: 300 -300 300 -300 300 -300 300 -300 300 -300 300 -300 300 -300 300 -300 300 -300 300 -300 300 -300 300 -300 300 -300 300 -300 300 -300 300 -300 300 -300 300 -300 300 -300 300 -300 300 -300 300 -300 300 -300 300 -300 300 -300 300 -300 300 -300 300 -300 300 -300 300 -300 300 -300 300 -300 300 -300 300 -300 300 -300 300 -300 300 -300 300 -300 300 -300 300 -300 300 -300 300 -300 300 -300 300 -300 300 -300 300 -300 300 -300 300 -300 300 -300 300 -300 300 -300 300 -300 300 -300 300 -300 300 -300 300 -300 300 -300 300 -300 300 -300 300 -300 300 -300 300 -300 300 -300 300 -300 300 -300 300 -300 300 -300 300 -300 300 -300 300 -300 300 -300 300 -300 300 -300 300 -300 300 -300 300 -300 300 -300 300 -300 300 -300 300 -300 300 -300 300 -300 300 -300 300 -300 300 -300 300 -300 300 -300 300 -300 300 -300 300 -300 300 -300 300 -300 300 -300 300 -300 300 -300 300 -300 300 -300 300 -300 300 -300 300 -300 300 -300 300 -300 300 -300 300 -300 300 -300 300 -300 300 -300 300 -300 300 -300 300 -300 300 -300 300 -300 300 -300 300 -300 300 -300 300 -300 300 -300 300 -300 300 -300 300 -300 300 -300 300 -300 300 -300 300 -300 300 -300 300 -300 300 -300 300 -300 300 -300 300 -300 300 -300 300 -300 300 -300 300 -300 300 -300 300 -300 300 -300 300 -300 300 -300 300 -300 300 -300 300 -300 300 -300 300 -300 300 -300 300 -300 300 -300 300 -300 300 -300 300 -300 300 -300 300 -300 300 -300 300 -300 300 -300 300 -300 300 -300 300 -300 300 -300 300 -300 300 -300 300 -300 300 -300 300 -300 300 -300 300 -300 300 -300 300 -300 300 -300 300 -300 300 -300 300 -300 300 -300 300 -300 300 -300 300 -300 300 -300 300 -300 300 -300 300 -300 300 -300 300 -300 300 -300 300 -300 300 -300 300 -300 300 -300 300 -300 300 -300 300 -300 300 -300 300 -300 300 -300 300 -300 300 -300 300 -300 300 -300 300 -300 300 -300 300 -300 300 -300 300 -300 300 -300 300 -300 300 -300 300 -300 300 -300 300 -300 300 -300 300 -300 300 -300 300 -300 300 -300 300 -300 300 -300 300 -300 300 -300 300 -300 300 -300 300 -300 300 -300 300 -300 300 -300 300 -300 300 -300 300 -300 300 -300 300 -300 300 -300 300 -300 300 -300 300 -300 300 -300 300 -300 300 -300 300 -300 300 -300 300 -300 300 -300 300 -300 300 -300 300 -300 300 -300 300 -300 300 -300 300 -300 300 -300 300 -300 300 -300 300 -300 300 -300 300 -300 300 -300 300 -300 300 -300
RAW_Data: 300 -300 300 -300 300 -300 300 -300 300 -300 300 -300 300 -300 300 -300 300 -300 300 -300 300 -300 300 -300 300 -300 300 -300 300 -300 300 -300 300 -300 300 -300 300 -300 300 -300 300 -300 300 -300 300 -300 300 -300 300 -300 300 -300 300 -300 300 -300 300 -300 300 -300 300 -300 300 -300 300 -300 300 -300 300 -300 300 -300 300 -300 300 -300 300 -300 300 -300 300 -300 300 -300 300 -300 300 -300 300 -300 300 -300 300 -300 300 -300 300 -300 300 -300 300 -300 300 -300 300 -300 300 -300 300 -300 300 -300 300 -300 300 -300 300 -300 300 -300 300 -300 300 -300 300 -300 300 -300 300 -300 300 -300 300 -300 300 -300 300 -300 300 -300 300 -300 300 -300 300 -300 300 -300 300 -300 300 -300 300 -300 300 -300 300 -300 300 -300 300 -300 300 -300 300 -300 300 -300 300 -300 300 -300 300 -300 300 -300 300 -300 300 -300 300 -300 300 -300 300 -300 300 -300 300 -300 300 -300 300 -300 300 -300 300 -300 300 -300 300 -300 300 -300 300 -300 300 -300 300 -300 300 -300 300 -300 300 -300 300 -300 300 -300 300 -300 300 -300 300 -300 300 -300 300 -300 300 -300 300 -300 300 -300 300 -300 300 -300 300 -300 300 -300 300 -300 300 -300 300 -300 300 -300 300 -300 300 -300 300 -300 300 -300 300 -300 300 -300 300 -300 300 -300 300 -300 300 -300 300 -300 300 -300 300 -300 300 -300 300 -300 300 -300 300 -300 300 -300 300 -300 300 -300 300 -300 300 -300 300 -300 300 -300 300 -300 300 -300 300 -300 300 -300 300 -300 300 -300 300 -300 300 -300 300 -300 300 -300 300 -300 300 -300 300 -300 300 -300 300 -300 300 -300 300 -300 300 -300 300 -300 300 -300 300 -300 300 -300 300 -300 300 -300 300 -300 300 -300 300 -300 300 -300 300 -300 300 -300 300 -300 300 -300 300 -300 300 -300 300 -300 300 -300 300 -300 300 -300 300 -300 300 -300 300 -300 300 -300 300 -300 300 -300 300 -300 300 -300 300 -300 300 -300 300 -300 300 -300 300 -300 300 -300 300 -300 300 -300 300 -300 300 -300 300 -300 300 -300 300 -300 300 -300 300 -300 300 -300 300 -300 300 -300 300 -300 300 -300 300 -300 300 -300 300 -300 300 -300 300 -300 300 -300 300 -300 300 -300 300 -300 300 -300 300 -300 300 -300 300 -300 300 -300 300 -300 300 -300 300 -300 300 -300 300 -300 300 -300 300 -300 300 -300 300 -300 300 -300 300 -300 300 -300 300 -300 300 -300 300 -300 300 -300 300 -300 300 -300 300 -300 300 -300 300 -300 300 -300 300 -300 300 -300 300 -300 300 -300
RAW_Data: 300 -300 300 -300 300 -300 300 -300 300 -300 300 -300 300 -300 300 -300 300 -300 300 -300 300 -300 300 -300 300 -300 300 -300 300 -300 300 -300 300 -300 300 -300 300 -300 300 -300 300 -300 300 -300 300 -300 300 -300 300 -300 300 -300 300 -300 300 -300 300 -300 300 -300 300 -300 300 -300 300 -300 300 -300 300 -300 300 -300 300 -300 300 -300 300 -300 300 -300 300 -300 300 -300 300 -300 300 -300 300 -300 300 -300 300 -300 300 -300 300 -300 300 -300 300 -300 300 -300 300 -300 300 -300 300 -300 300 -300 300 -300 300 -300 300 -300 300 -300 300 -300 300 -300 300 -300 300 -300 300 -300 300 -300 300 -300 300 -300 300 -300 300 -300 300 -300 300 -300 300 -300 300 -300 300 -300 300 -300 300 -300 300 -300 300 -300 300 -300 300 -300 300 -300 300 -300 300 -300 300 -300 300 -300 300 -300 300 -300 300 -300 300 -300 300 -300 300 -300 300 -300 300 -300 300 -300 300 -300 300 -300 300 -300 300 -300 300 -300 300 -300 300 -300 300 -300 300 -300 300 -300 300 -300 300 -300 300 -300 300 -300 300 -300 300 -300 300 -300 300 -300 300 -300 300 -300 300 -300 300 -300 300 -300 300 -300 300 -300 300 -300 300 -300 300 -300 300 -300 300 -300 300 -300 300 -300 300 -300 300 -300 300 -300 300 -300 300 -300 300 -300 300 -300 300 -300 300 -300 300 -300 300 -300 300 -300 300 -300 300 -300 300 -300 300 -300 300 -300 300 -300 300 -300 300 -300 300 -300 300 -300 300 -300 300 -300 300 -300 300 -300 300 -300 300 -300 300 -300 300 -300 300 -300 300 -300 300 -300 300 -300 300 -300 300 -300 300 -300 300 -300 300 -300 300 -300 300 -300 300 -300 300 -300 300 -300 300 -300 300 -300 300 -300 300 -300 300 -300 300 -300 300 -300 300 -300 300 -300 300 -300 300 -300 300 -300 300 -300 300 -300 300 -300 300 -300 300 -300 300 -300 300 -300 300 -300 300 -300 300 -300 300 -300 300 -300 300 -300 300 -300 300 -300 300 -300 300 -300 300 -300 300 -300 300 -300 300 -300 300 -300 300 -300 300 -300 300 -300 300 -300 300 -300 300 -300 300 -300 300 -300 300 -300 300 -300 300 -300 300 -300 300 -300 300 -300 300 -300 300 -300 300 -300 300 -300 300 -300 300 -300 300 -300 300 -300 300 -300 300 -300 300 -300 300 -300 300 -300 300 -300 300 -300 300 -300 300 -300 300 -300 300 -300 300 -300 300 -300 300 -300 300 -300 300 -300 300 -300 300 -300 300 -300 300 -300 300 -300 300 -300 300 -300 300 -300 300 -300 300 -300 300 -300 300 -300 300 -300
RAW_Data: 300 -300 300 -300 300 -300 300 -300 300 -300 300 -300 300 -300 300 -300 300 -300 300 -300 300 -300 300 -300 300 -300 300 -300 300 -300 300 -300 300 -300 300 -300 300 -300 300 -300 300 -300 300 -300 300 -300 300 -300 300 -300 300 -300 300 -300 300 -300 300 -300 300 -300 300 -300 300 -300 300 -300 300 -300 300 -300 300 -300 300 -300 300 -300 300 -300 300 -300 300 -300 300 -300 300 -300 300 -300 300 -300 300 -300 300 -300 300 -300 300 -300 300 -300 300 -300 300 -300 300 -300 300 -300 300 -300 300 -300 300 -300 300 -300 300 -300 300 -300 300 -300 300 -300 300 -300 300 -300 300 -300 300 -300 300 -300 300 -300 300 -300 300 -300 300 -300 300 -300 300 -300 300 -300 300 -300 300 -300 300 -300 300 -300 300 -300 300 -300 300 -300 300 -300 300 -300 300 -300 300 -300 300 -300 300 -300 300 -300 300 -300 300 -300 300 -300 300 -300 300 -300 300 -300 300 -300 300 -300 300 -300 300 -300 300 -300 300 -300 300 -300 300 -300 300 -300 300 -300 300 -300 300 -300 300 -300 300 -300 300 -300 300 -300 300 -300 300 -300 300 -300 300 -300 300 -300 300 -300 300 -300 300 -300 300 -300 300 -300 300 -300 300 -300 300 -300 300 -300 300 -300 300 -300 300 -300 300 -300 300 -300 300 -300 300 -300 300 -300 300 -300 300 -300 300 -300 300 -300 300 -300 300 -300 300 -300 300 -300 300 -300 300 -300 300 -300 300 -300 300 -300 300 -300 300 -300 300 -300 300 -300 300 -300 300 -300 300 -300 300 -300 300 -300 300 -300 300 -300 300 -300 300 -300 300 -300 300 -300 300 -300 300 -300 300 -300 300 -300 300 -300 300 -300 300 -300 300 -300 300 -300 300 -300 300 -300 300 -300 300 -300 300 -300 300 -300 300 -300 300 -300 300 -300 300 -300 300 -300 300 -300 300 -300 300 -300
RAW_Data: 15000 -15000
RAW_Data: 10416 -10416 10416 -10416 10416 -10416 10416 -10416 10416 -10416 10416 -10416 10416 -10416 10416 -10416 10416 -10416 10416 -10416 10416 -10416 10416 -10416
RAW_Data: 12504 -12504 12504 -12504
RAW_Data: 357 -357 357 -357 357 -357 357 -357 357 -357 357 -357 357 -357 357 -357 357 -357 357 -357 357 -357 357 -357 357 -357 357 -357 357 -357 357 -357 357 -357 357 -357 357 -357 357 -357 357 -357 357 -357 357 -357 357 -357 357 -357 357 -357 357 -357 357 -357 357 -357 357 -357 357 -357 357 -357 357 -357 357 -357 357 -357 357 -357 357 -357 357 -357 357 -357 357 -357 357 -357 357 -357 357 -357 357 -357 357 -357 357 -357 357 -357 357 -357 357 -357 357 -357 357 -357 357 -357 357 -357 357 -357 357 -357 357 -357 357 -357 357 -357 357 -357 357 -357 357 -357 357 -357 357 -357 357 -357 357 -357 357 -357 357 -357 357 -357 357 -357 357 -357 357 -357 357 -357 357 -357 357 -357 357 -357 357 -357 357 -357 357 -357 357 -357 357 -357 357 -357 357 -357 357 -357 357 -357 357 -357 357 -357 357 -357 357 -357 357 -357 357 -357 357 -357 357 -357 357 -357 357 -357 357 -357 357 -357 357 -357 357 -357 357 -357 357 -357 357 -357 357 -357 357 -357 357 -357 357 -357 357 -357 357 -357 357 -357 357 -357 357 -357 357 -357 357 -357 357 -357 357 -357 357 -357 357 -357 357 -357 357 -357 357 -357 357 -357 357 -357 357 -357 357 -357 357 -357 357 -357 357 -357 357 -357 357 -357 357 -357 357 -357 357 -357 357 -357 357 -357 357 -357 357 -357 357 -357 357 -357 357 -357 357 -357 357 -357 357 -357 357 -357 357 -357 357 -357 357 -357 357 -357 357 -357 357 -357 357 -357 357 -357 357 -357 357 -357 357 -357 357 -357 357 -357 357 -357 357 -357 357 -357 357 -357 357 -357 357 -357 357 -357 357 -357 357 -357 357 -357 357 -357 357 -357 357 -357 357 -357 357 -357 357 -357 357 -357 357 -357 357 -357 357 -357 357 -357 357 -357 357 -357 357 -357 357 -357 357 -357 357 -357 357 -357 357 -357 357 -357 357 -357 357 -357 357 -357 357 -357 357 -357 357 -357 357 -357 357 -357 357 -357 357 -357 357 -357 357 -357 357 -357 357 -357 357 -357 357 -357 357 -357 357 -357 357 -357 357 -357 357 -357 357 -357 357 -357 357 -357 357 -357 357 -357 357 -357 357 -357 357 -357 357 -357 357 -357 357 -357 357 -357 357 -357 357 -357 357 -357 357 -357 357 -357 357 -357 357 -357 357 -357 357 -357 357 -357 357 -357 357 -357 357 -357 357 -357 357 -357 357 -357 357 -357 357 -357 357 -357 357 -357 357 -357 357 -357 357 -357 357 -357 357 -357 357 -357 357 -357 357 -357 357 -357 357 -357 357 -357 357 -357 357 -357 357 -357 357 -357 357 -357 357 -357
RAW_Data: 357 -357 357 -357 357 -357 357 -357 357 -357 357 -357 357 -357 357 -357 357 -357 357 -357 357 -357 357 -357 357 -357 357 -357 357 -357 357 -357 357 -357 357 -357 357 -357 357 -357 357 -357 357 -357 357 -357 357 -357 357 -357 357 -357 357 -357 357 -357 357 -357 357 -357 357 -357 357 -357 357 -357 357 -357 357 -357 357 -357 357 -357 357 -357 357 -357 357 -357 357 -357 357 -357 357 -357 357 -357 357 -357 357 -357 357 -357 357 -357 357 -357 357 -357 357 -357 357 -357 357 -357 357 -357 357 -357 357 -357 357 -357 357 -357 357 -357 357 -357 357 -357 357 -357 357 -357 357 -357 357 -357 357 -357 357 -357 357 -357 357 -357 357 -357 357 -357 357 -357 357 -357 357 -357 357 -357 357 -357 357 -357 357 -357 357 -357 357 -357 357 -357 357 -357 357 -357 357 -357 357 -357 357 -357 357 -357 357 -357 357 -357 357 -357 357 -357 357 -357 357 -357 357 -357 357 -357 357 -357 357 -357 357 -357 357 -357 357 -357 357 -357 357 -357 357 -357 357 -357 357 -357 357 -357 357 -357 357 -357 357 -357 357 -357 357 -357 357 -357 357 -357 357 -357 357 -357 357 -357 357 -357 357 -357 357 -357 357 -357 357 -357 357 -357 357 -357
RAW_Data: 15054 -15054
